id,title,content,picture,created_at,updated_at,deleted_at,admin_id
f8e4fff3-01b0-47a5-918e-ca8912b6c283,this test title,this test content,https://storage.googleapis.com/tanam-apps/f8e4fff3-01b0-47a5-918e-ca8912b6c283.jpeg,2024-06-16 06:53:42.283719+00:00,2024-06-16 06:53:42.283719+00:00,2024-06-18 23:32:07.765055+00:00,
c7a6e311-2106-456f-8bef-c3707539823d,this test title,this test content,https://storage.googleapis.com/tanam-apps/c7a6e311-2106-456f-8bef-c3707539823d.png,2024-06-16 08:11:46.020143+00:00,2024-06-16 08:11:46.020143+00:00,,
82971c5c-860d-4542-8b10-d669beeb1757,this is update test title,this is update test description,https://storage.googleapis.com/tanam-apps/82971c5c-860d-4542-8b10-d669beeb1757.jpeg,2024-06-16 07:11:01.593160+00:00,2024-06-18 21:13:58.478497+00:00,2024-06-18 23:31:07.580579+00:00,
161c8689-580a-492b-91ec-79e0a01a937d,this test title,this test content,https://storage.googleapis.com/tanam-apps/161c8689-580a-492b-91ec-79e0a01a937d.jpeg,2024-06-16 08:15:36.613867+00:00,2024-06-16 08:15:36.613867+00:00,,
e4bdec48-f4f2-44fc-a9d2-9465cbab2da0,this test title,this test content,https://storage.googleapis.com/tanam-apps/e4bdec48-f4f2-44fc-a9d2-9465cbab2da0.jpeg,2024-06-16 08:32:51.681714+00:00,2024-06-16 08:32:51.681714+00:00,,
2e63b744-b48a-4aa4-8ae3-e536048c65e6,this test title,this test content,https://storage.googleapis.com/tanam-apps/2e63b744-b48a-4aa4-8ae3-e536048c65e6.jpeg,2024-06-16 06:55:10.668541+00:00,2024-06-16 06:55:10.668541+00:00,2024-06-18 23:32:57.528934+00:00,
2e37f26e-3ca0-4787-be6a-63cd9c839154,this test title,this test content,https://storage.googleapis.com/tanam-apps/2e37f26e-3ca0-4787-be6a-63cd9c839154.jpeg,2024-06-16 07:30:47.592024+00:00,2024-06-16 07:30:47.592024+00:00,2024-06-20 10:12:28.460295+00:00,
9ae520ea-e81d-413c-94ac-e0a844a0c3fc,this test title,<p>this test content</p>,https://storage.googleapis.com/tanam-apps/9ae520ea-e81d-413c-94ac-e0a844a0c3fc.png,2024-06-16 07:45:29.822026+00:00,2024-06-20 14:52:19.933736+00:00,,
5ff56720-a49f-4542-83f3-638e23c12ddf,this test title,<p>this test content</p><p><br></p><p>content testing</p>,https://storage.googleapis.com/tanam-apps/5ff56720-a49f-4542-83f3-638e23c12ddf.jpeg,2024-06-16 07:54:15.786498+00:00,2024-06-20 14:58:03.908684+00:00,,
cc6ab79f-05ab-432c-8b05-6932ee6f44ca,this test title,<p>this test content</p>,https://storage.googleapis.com/tanam-apps/cc6ab79f-05ab-432c-8b05-6932ee6f44ca.jpeg,2024-06-16 08:28:08.832369+00:00,2024-06-20 14:58:31.815377+00:00,,
fdf64461-4911-477f-bc59-8d15f7ce45ed,this test title,this test content,https://storage.googleapis.com/tanam-apps/fdf64461-4911-477f-bc59-8d15f7ce45ed.jpeg,2024-06-16 07:57:14.526295+00:00,2024-06-16 07:57:14.526295+00:00,2024-06-21 12:41:14.535217+00:00,
1b43d9ae-7d93-4403-8b90-fc5beaf08fcc,undefined,undefined,https://storage.googleapis.com/tanam-apps/1b43d9ae-7d93-4403-8b90-fc5beaf08fcc.jpeg,2024-06-16 07:58:39.522679+00:00,2024-06-21 19:22:13.607857+00:00,,b01b4f90-a24f-478a-aa45-38135ac2420b
d5d765e8-4854-4806-a380-7b928c85a73e,this test title,<p>this test content</p>,https://storage.googleapis.com/tanam-apps/d5d765e8-4854-4806-a380-7b928c85a73e.jpeg,2024-06-16 08:36:56.137958+00:00,2024-06-21 22:13:17.123009+00:00,,b01b4f90-a24f-478a-aa45-38135ac2420b
349d1133-c27a-4244-bf29-a4451bbebc8a,this test title,<p>this test content</p>,https://storage.googleapis.com/tanam-apps/349d1133-c27a-4244-bf29-a4451bbebc8a.jpeg,2024-06-16 08:26:52.191899+00:00,2024-06-21 22:13:27.848600+00:00,,b01b4f90-a24f-478a-aa45-38135ac2420b
447717a8-6463-4ac3-9979-70aa5ca80236,this test title,this test content,https://storage.googleapis.com/tanam-apps/447717a8-6463-4ac3-9979-70aa5ca80236.jpeg,2024-06-16 08:02:46.281456+00:00,2024-06-16 08:02:46.281456+00:00,2024-06-23 11:06:45.773450+00:00,
e6ef8f55-8571-42bf-898a-ea2e8e5b0b1b,this is update test title,this is update test description,https://storage.googleapis.com/tanam-apps/e6ef8f55-8571-42bf-898a-ea2e8e5b0b1b.jpeg,2024-06-16 08:13:41.269551+00:00,2024-06-23 23:12:38.473260+00:00,,b01b4f90-a24f-478a-aa45-38135ac2420b
59efc6c8-3c92-43d1-8162-d425e54fcf8c,this test title,this test content,https://storage.googleapis.com/tanam-apps/59efc6c8-3c92-43d1-8162-d425e54fcf8c.jpeg,2024-06-16 08:39:08.056985+00:00,2024-06-16 08:39:08.056985+00:00,,
87052aad-96f9-4af6-9316-db88f76f78a5,this test title,this test content,https://storage.googleapis.com/tanam-apps/87052aad-96f9-4af6-9316-db88f76f78a5.jpeg,2024-06-16 08:59:57.459190+00:00,2024-06-16 08:59:57.459190+00:00,,
f0e84574-773d-4aa8-9af5-093795c70c3d,this test title,this test content,https://storage.googleapis.com/tanam-apps/f0e84574-773d-4aa8-9af5-093795c70c3d.jpeg,2024-06-16 09:03:07.126712+00:00,2024-06-16 09:03:07.126712+00:00,,
b6a7408e-24fe-45ed-8f8c-9f0e43e2353c,this test title,this test content,https://storage.googleapis.com/tanam-apps/b6a7408e-24fe-45ed-8f8c-9f0e43e2353c.jpeg,2024-06-16 09:07:35.578665+00:00,2024-06-16 09:07:35.578665+00:00,,
a07181b9-2768-4666-b335-a5203d3beed1,this test title,this test content,https://storage.googleapis.com/tanam-apps/a07181b9-2768-4666-b335-a5203d3beed1.jpeg,2024-06-16 09:11:12.686869+00:00,2024-06-16 09:11:12.686869+00:00,,
efdf9c17-eb0c-48bf-ab6c-2adac59c7eb9,this test title,this test content,https://storage.googleapis.com/tanam-apps/efdf9c17-eb0c-48bf-ab6c-2adac59c7eb9.jpeg,2024-06-16 09:16:31.912946+00:00,2024-06-16 09:16:31.912946+00:00,,
d18b163f-2161-4014-a275-356d0e2000ef,this test title,this test content,https://storage.googleapis.com/tanam-apps/d18b163f-2161-4014-a275-356d0e2000ef.jpeg,2024-06-16 09:30:20.011591+00:00,2024-06-16 09:30:20.011591+00:00,,
850382fc-1381-426e-83b0-f5dc3c23ec31,this test title,this test content,https://storage.googleapis.com/tanam-apps/850382fc-1381-426e-83b0-f5dc3c23ec31.jpeg,2024-06-16 10:35:59.598946+00:00,2024-06-16 10:35:59.598946+00:00,,
75575efe-0dc6-4402-8792-227c6c800334,this test title,this test content,https://storage.googleapis.com/tanam-apps/75575efe-0dc6-4402-8792-227c6c800334.jpeg,2024-06-17 17:43:50.477332+00:00,2024-06-17 17:43:50.477332+00:00,,
70c22d85-53ff-4cf5-bd86-e461a844a075,this test title,this test content,https://storage.googleapis.com/tanam-apps/70c22d85-53ff-4cf5-bd86-e461a844a075.jpeg,2024-06-17 17:52:58.258558+00:00,2024-06-17 17:52:58.258558+00:00,,
3f75bdb8-9405-4db9-9da8-724cdb231ce2,this test title,this test content,https://storage.googleapis.com/tanam-apps/3f75bdb8-9405-4db9-9da8-724cdb231ce2.png,2024-06-17 18:00:34.202408+00:00,2024-06-17 18:00:34.202408+00:00,,
b72fed1d-f915-4b47-8e89-bd34c153f101,this test title,this test content,https://storage.googleapis.com/tanam-apps/b72fed1d-f915-4b47-8e89-bd34c153f101.jpeg,2024-06-17 18:27:26.719525+00:00,2024-06-17 18:27:26.719525+00:00,,
7fd0907e-4090-4b1c-a6d7-f8baf211eab6,this test title,this test content,https://storage.googleapis.com/tanam-apps/7fd0907e-4090-4b1c-a6d7-f8baf211eab6.jpeg,2024-06-17 18:29:15.726011+00:00,2024-06-17 18:29:15.726011+00:00,,
6de9ebbb-bdeb-4ae9-9d24-1676c16d06f9,this test title,this test content,https://storage.googleapis.com/tanam-apps/6de9ebbb-bdeb-4ae9-9d24-1676c16d06f9.jpeg,2024-06-17 18:37:23.491090+00:00,2024-06-17 18:37:23.491090+00:00,,
09540f37-5f6a-4741-be3e-192cd5d9d517,this test title,this test content,https://storage.googleapis.com/tanam-apps/09540f37-5f6a-4741-be3e-192cd5d9d517.jpeg,2024-06-17 18:40:55.792288+00:00,2024-06-17 18:40:55.792288+00:00,,
bca5fcdb-e284-4593-b109-d53836006c78,this test title,this test content,https://storage.googleapis.com/tanam-apps/bca5fcdb-e284-4593-b109-d53836006c78.jpeg,2024-06-17 18:53:46.777535+00:00,2024-06-17 18:53:46.777535+00:00,,
efa1f9ea-db4d-48f5-8884-aa432a8059d5,this test title,this test content,https://storage.googleapis.com/tanam-apps/efa1f9ea-db4d-48f5-8884-aa432a8059d5.jpeg,2024-06-17 18:56:41.552358+00:00,2024-06-17 18:56:41.552358+00:00,,
6918b691-0d03-4672-9541-1950fcfac70c,this test title,this test content,https://storage.googleapis.com/tanam-apps/6918b691-0d03-4672-9541-1950fcfac70c.jpeg,2024-06-18 08:48:13.363494+00:00,2024-06-18 08:48:13.363494+00:00,,
d09f1fe0-0207-4aa7-9b8b-6b4665f50512,this test title,this test content,https://storage.googleapis.com/tanam-apps/d09f1fe0-0207-4aa7-9b8b-6b4665f50512.png,2024-06-18 16:31:23.752382+00:00,2024-06-18 16:31:23.752382+00:00,,
2af6d8ad-67c1-4ab3-80dd-98b988134a76,this test title,this test content,https://storage.googleapis.com/tanam-apps/2af6d8ad-67c1-4ab3-80dd-98b988134a76.jpeg,2024-06-18 19:05:15.100561+00:00,2024-06-18 19:05:15.100561+00:00,,
737ac016-9b1f-4e64-9075-b720d8886c30,this test title,this test content,https://storage.googleapis.com/tanam-apps/737ac016-9b1f-4e64-9075-b720d8886c30.jpeg,2024-06-18 19:13:59.064491+00:00,2024-06-18 19:13:59.064491+00:00,,
38152329-5a6f-4e4d-b933-e276f91f5304,this test title,this test content,https://storage.googleapis.com/tanam-apps/38152329-5a6f-4e4d-b933-e276f91f5304.jpeg,2024-06-18 19:17:14.664510+00:00,2024-06-18 19:17:14.664510+00:00,,
25082841-0d7b-49f0-b040-17b11f1589e3,this test title,this test content,https://storage.googleapis.com/tanam-apps/25082841-0d7b-49f0-b040-17b11f1589e3.jpeg,2024-06-18 19:21:58.548583+00:00,2024-06-18 19:21:58.548583+00:00,,
32ab7bed-ff7a-461c-a823-5203fe5063ec,this test title,this test content,https://storage.googleapis.com/tanam-apps/32ab7bed-ff7a-461c-a823-5203fe5063ec.jpeg,2024-06-18 19:25:46.724362+00:00,2024-06-18 19:25:46.724362+00:00,,
01fa4788-cdd2-4d47-b760-4fbcfc105951,this test title,this test content,https://storage.googleapis.com/tanam-apps/01fa4788-cdd2-4d47-b760-4fbcfc105951.jpeg,2024-06-18 19:28:02.406469+00:00,2024-06-18 19:28:02.406469+00:00,,
2983a489-a4a3-459c-81dd-ccf5b15e7326,this test title,this test content,https://storage.googleapis.com/tanam-apps/2983a489-a4a3-459c-81dd-ccf5b15e7326.jpeg,2024-06-18 19:32:31.888405+00:00,2024-06-18 19:32:31.888405+00:00,,
a3f13641-2700-4422-8d8c-921af938b078,this test title,this test content,https://storage.googleapis.com/tanam-apps/a3f13641-2700-4422-8d8c-921af938b078.jpeg,2024-06-18 19:36:27.025323+00:00,2024-06-18 19:36:27.025323+00:00,,
89b2ee61-5412-437e-b43c-c814d9477b64,this test title,this test content,https://storage.googleapis.com/tanam-apps/89b2ee61-5412-437e-b43c-c814d9477b64.jpeg,2024-06-18 19:43:30.105620+00:00,2024-06-18 19:43:30.105620+00:00,,
2fb99197-30c3-4547-817c-e55b86036e75,this test title,this test content,https://storage.googleapis.com/tanam-apps/2fb99197-30c3-4547-817c-e55b86036e75.jpeg,2024-06-18 19:56:46.636702+00:00,2024-06-18 19:56:46.636702+00:00,,
7a8cf03f-cc87-4436-96a9-e046c1f27238,this test title,this test content,https://storage.googleapis.com/tanam-apps/7a8cf03f-cc87-4436-96a9-e046c1f27238.jpeg,2024-06-18 20:04:45.262716+00:00,2024-06-18 20:04:45.262716+00:00,,
6d1d51bf-9704-476c-9598-19aecad09596,this test title,this test content,https://storage.googleapis.com/tanam-apps/6d1d51bf-9704-476c-9598-19aecad09596.jpeg,2024-06-18 20:11:35.170484+00:00,2024-06-18 20:11:35.170484+00:00,,
6f037d52-322f-43a2-a996-fb871a5821fa,this test title,this test content,https://storage.googleapis.com/tanam-apps/6f037d52-322f-43a2-a996-fb871a5821fa.jpeg,2024-06-18 20:33:07.170217+00:00,2024-06-18 20:33:07.170217+00:00,,
6c5f8cb0-d229-4ab4-a8d1-fa4d47cd97af,this test title,this test content,https://storage.googleapis.com/tanam-apps/6c5f8cb0-d229-4ab4-a8d1-fa4d47cd97af.jpeg,2024-06-18 20:38:56.411081+00:00,2024-06-18 20:38:56.411081+00:00,,
18ffdeb3-1578-4639-bcb5-4f372e0060b1,this test title,this test content,https://storage.googleapis.com/tanam-apps/18ffdeb3-1578-4639-bcb5-4f372e0060b1.jpeg,2024-06-18 20:46:11.428265+00:00,2024-06-18 20:46:11.428265+00:00,,
7ab2eed2-781b-4564-bbbd-1bdbe90cee9d,this test title,this test content,https://storage.googleapis.com/tanam-apps/7ab2eed2-781b-4564-bbbd-1bdbe90cee9d.jpeg,2024-06-18 20:48:34.268022+00:00,2024-06-18 20:48:34.268022+00:00,,
885c0ee2-9e34-433d-b5d3-84291ef48c57,test judul,<p>test post data</p>,https://storage.googleapis.com/tanam-apps/885c0ee2-9e34-433d-b5d3-84291ef48c57.png,2024-06-18 23:00:43.220728+00:00,2024-06-18 23:00:43.220728+00:00,,
10eb14ed-be64-486f-8d7c-09dc19e76870,this test title,this test content,https://storage.googleapis.com/tanam-apps/10eb14ed-be64-486f-8d7c-09dc19e76870.jpeg,2024-06-18 21:13:55.072299+00:00,2024-06-18 21:13:55.072299+00:00,2024-06-18 23:29:51.782210+00:00,
ecb8fd69-4d35-4985-bc3e-7e0658c321d3,test,<p>testttf</p>,https://storage.googleapis.com/tanam-apps/ecb8fd69-4d35-4985-bc3e-7e0658c321d3.png,2024-06-19 14:33:25.022178+00:00,2024-06-19 14:33:25.022178+00:00,,
503c5bdd-2ee6-4749-ab83-47ab27b745fc,Mengembangkan Industri Aquaculture yang Berkelanjutan,<p>Aquaculture atau budidaya perairan telah menjadi sumber pangan penting di dunia. </p><p>maka dari itu perlu ada nya pengairan tambak dengan metode delete</p>,https://storage.googleapis.com/tanam-apps/503c5bdd-2ee6-4749-ab83-47ab27b745fc.png,2024-06-10 10:28:52.210724+00:00,2024-06-19 01:22:16.493151+00:00,,
0280f53b-876c-4618-95a6-71f6a2160115,hanafi & nazar,<p>navar </p><p>x</p><p>hanafi</p>,https://storage.googleapis.com/tanam-apps/0280f53b-876c-4618-95a6-71f6a2160115.png,2024-06-20 14:27:33.879192+00:00,2024-06-20 14:27:33.879192+00:00,,
787a5141-f220-4a76-96a9-2d395d96cec5,Mohan & Nazar,<p>mohan</p><p>x</p><p>hanafi</p>,https://storage.googleapis.com/tanam-apps/787a5141-f220-4a76-96a9-2d395d96cec5.jpeg,2024-06-20 14:34:22.746799+00:00,2024-06-20 14:34:22.746799+00:00,,
6c846bf5-0896-4a3c-a3a2-d30e4fa03c2b,wahaahhaha,<p>dadajdapdoapada</p><p>adopkapdkpkapkda</p><p>adkapdkaokda</p>,https://storage.googleapis.com/tanam-apps/6c846bf5-0896-4a3c-a3a2-d30e4fa03c2b.jpg,2024-06-20 15:11:14.276017+00:00,2024-06-20 15:11:14.276017+00:00,,
79c7784a-f85f-41de-bf68-de0efbc441cb,wahaahhaha,<p>dadajdapdoapada</p><p>adopkapdkpkapkda</p><p>adkapdkaokda</p>,https://storage.googleapis.com/tanam-apps/79c7784a-f85f-41de-bf68-de0efbc441cb.jpg,2024-06-20 15:11:14.464884+00:00,2024-06-20 15:11:14.464884+00:00,2024-06-20 15:11:47.816590+00:00,
cd90899c-d34d-44d5-addc-afdf0c0ece0f,wahaahhaha,<p>dadajdapdoapada</p><p>adopkapdkpkapkda</p><p>adkapdkaokda</p>,https://storage.googleapis.com/tanam-apps/cd90899c-d34d-44d5-addc-afdf0c0ece0f.jpg,2024-06-20 15:11:22.113436+00:00,2024-06-20 15:11:22.113436+00:00,2024-06-20 15:12:17.800259+00:00,
6c29da65-a35f-4a8f-b797-5b33d823162f,wahaahhaha,<p>dadajdapdoapada</p><p>adopkapdkpkapkda</p><p>adkapdkaokda</p>,https://storage.googleapis.com/tanam-apps/6c29da65-a35f-4a8f-b797-5b33d823162f.jpg,2024-06-20 15:11:15.348378+00:00,2024-06-20 15:11:15.348378+00:00,2024-06-20 15:12:20.330516+00:00,
99980831-b21b-4366-abc4-e6d9fc064958,wahaahhaha,<p>dadajdapdoapada</p><p>adopkapdkpkapkda</p><p>adkapdkaokda</p>,https://storage.googleapis.com/tanam-apps/99980831-b21b-4366-abc4-e6d9fc064958.jpg,2024-06-20 15:11:14.545481+00:00,2024-06-20 15:11:14.545481+00:00,2024-06-20 15:12:22.681395+00:00,
a34e9e13-f060-4f96-8535-cfa620e30742,wahaahhaha,<p>dadajdapdoapada</p><p>adopkapdkpkapkda</p><p>adkapdkaokda</p>,https://storage.googleapis.com/tanam-apps/a34e9e13-f060-4f96-8535-cfa620e30742.jpg,2024-06-20 15:11:14.976657+00:00,2024-06-20 15:11:14.976657+00:00,2024-06-20 15:12:33.480764+00:00,
91138b40-c50f-4e1a-a948-fe94e45e9b38,wahaahhaha,<p>dadajdapdoapada</p><p>adopkapdkpkapkda</p><p>adkapdkaokda</p>,https://storage.googleapis.com/tanam-apps/91138b40-c50f-4e1a-a948-fe94e45e9b38.jpg,2024-06-20 15:11:14.841824+00:00,2024-06-20 15:11:14.841824+00:00,2024-06-20 15:12:40.135093+00:00,
4140ec71-7b4b-474c-9423-9cf5026d5866,wahaahhaha,<p>dadajdapdoapada</p><p>adopkapdkpkapkda</p><p>adkapdkaokda</p>,https://storage.googleapis.com/tanam-apps/4140ec71-7b4b-474c-9423-9cf5026d5866.jpg,2024-06-20 15:11:14.730444+00:00,2024-06-20 15:11:14.730444+00:00,2024-06-20 15:12:41.934452+00:00,
8ab15e5a-9edd-4831-bf18-dd58439e8c7d,wahaahhaha,<p>dadajdapdoapada</p><p>adopkapdkpkapkda</p><p>adkapdkaokda</p>,https://storage.googleapis.com/tanam-apps/8ab15e5a-9edd-4831-bf18-dd58439e8c7d.jpg,2024-06-20 15:11:12.828586+00:00,2024-06-20 15:11:12.828586+00:00,2024-06-20 15:12:54.226992+00:00,
6379aa3f-4850-47ff-994c-7f43e9db53d2,testing aku,<p>dajdoiajoidjad</p><p>afafafafafaf</p><p>afafffafffawqda</p>,https://storage.googleapis.com/tanam-apps/6379aa3f-4850-47ff-994c-7f43e9db53d2.jpeg,2024-06-20 15:13:48.269968+00:00,2024-06-21 06:58:34.160024+00:00,,
9f7151f1-adce-4070-bdce-d74260cde544,Masa Depan Pangan Dunia dari Perairan,"<p>Akuakultur, atau budidaya perairan, telah berkembang menjadi salah satu sektor pangan terpenting di dunia. Seiring populasi manusia yang terus meningkat, kebutuhan akan sumber protein yang berkelanjutan menjadi semakin mendesak. Akuakultur muncul sebagai solusi brilian untuk memenuhi kebutuhan tersebut secara efisien dan ramah lingkungan. Akuakultur mencakup pembudidayaan berbagai jenis organisme akuatik, seperti ikan, udang, kerang, dan rumput laut, dalam lingkungan terkontrol. Praktik ini memungkinkan produksi pangan skala besar dengan mengurangi tekanan pada sumber daya perikanan alami yang semakin terbatas. Salah satu keunggulan utama akuakultur adalah efisiensi lahan. Dengan menggunakan kolam, tambak, atau sistem budidaya dalam ruangan, akuakultur dapat menghasilkan hasil panen yang melimpah pada area yang relatif kecil. Ini menjadikannya solusi yang ideal bagi negara-negara dengan populasi padat dan lahan pertanian terbatas. Selain itu, akuakultur juga memungkinkan pengendalian yang lebih baik terhadap kualitas air, nutrisi, dan kesehatan hewan, sehingga meminimalkan risiko penyakit dan meningkatkan hasil panen. Teknologi canggih, seperti sistem resirkulasi akuakultur, memungkinkan budidaya berkelanjutan dengan menghemat air dan mengurangi dampak lingkungan. </p><p><br></p><p>Akuakultur juga memberikan peluang ekonomi yang signifikan bagi masyarakat pesisir dan pedesaan. Dengan menciptakan lapangan kerja dan mendukung mata pencaharian yang berkelanjutan, akuakultur berkontribusi pada pembangunan sosial dan ekonomi di banyak negara. Namun, seperti halnya setiap industri, akuakultur juga menghadapi tantangan tersendiri. Isu-isu seperti penggunaan pakan yang tidak berkelanjutan, pencemaran lingkungan, dan pengelolaan limbah harus ditangani secara tepat untuk memastikan keberlanjutan jangka panjang sektor ini. Untuk menghadapi tantangan tersebut, penelitian dan inovasi terus dilakukan dalam bidang pakan alternatif, teknik budidaya yang ramah lingkungan, dan pengelolaan limbah yang efisien. Selain itu, regulasi dan kebijakan yang tepat juga diperlukan untuk memastikan praktik akuakultur yang bertanggung jawab secara sosial dan lingkungan. Dengan perencanaan yang cermat, akuakultur berpotensi menjadi pilar utama dalam menjamin ketahanan pangan global di masa depan. Dengan memanfaatkan teknologi dan praktik terbaik, kita dapat memaksimalkan potensi akuakultur dalam menyediakan sumber protein yang berkelanjutan, sehat, dan terjangkau bagi populasi dunia yang terus berkembang.</p>",https://storage.googleapis.com/tanam-apps/9f7151f1-adce-4070-bdce-d74260cde544.jpg,2024-06-15 13:18:48.570244+00:00,2024-06-19 14:52:47.329445+00:00,,
d624b01a-4a34-49e0-bd94-2dece55b7263,akuuu adaijdada,<p>adadakl;kfa</p><p>fafakfpa[f</p><p>afafafa</p>,https://storage.googleapis.com/tanam-apps/d624b01a-4a34-49e0-bd94-2dece55b7263.jpg,2024-06-21 08:36:08.627018+00:00,2024-06-21 08:36:08.627018+00:00,,
0d044c52-a140-4e7d-892e-4d771e3003c5,odading mang oleh,<p>odading </p>,https://storage.googleapis.com/tanam-apps/0d044c52-a140-4e7d-892e-4d771e3003c5.jpeg,2024-06-21 12:40:26.736842+00:00,2024-06-21 12:40:26.736842+00:00,,b01b4f90-a24f-478a-aa45-38135ac2420b
2c44922f-e944-4746-8df9-a5c30030e361,odading mang oleh,<p>odading </p>,https://storage.googleapis.com/tanam-apps/2c44922f-e944-4746-8df9-a5c30030e361.jpeg,2024-06-21 12:40:32.334755+00:00,2024-06-21 12:40:32.334755+00:00,,b01b4f90-a24f-478a-aa45-38135ac2420b
fe2efc29-8636-448e-897d-481b1eb0c85f,odading mang oleh,<p>odading </p>,https://storage.googleapis.com/tanam-apps/fe2efc29-8636-448e-897d-481b1eb0c85f.jpeg,2024-06-21 12:40:32.521962+00:00,2024-06-21 12:40:32.521962+00:00,,b01b4f90-a24f-478a-aa45-38135ac2420b
e213ae98-6317-431c-8bc8-0f504c28a05c,odading mang oleh,<p>odading </p>,https://storage.googleapis.com/tanam-apps/e213ae98-6317-431c-8bc8-0f504c28a05c.jpeg,2024-06-21 12:40:32.676683+00:00,2024-06-21 12:40:32.676683+00:00,,b01b4f90-a24f-478a-aa45-38135ac2420b
b23f6c43-3e8d-40df-8044-a8eb8c474d8d,odading mang oleh,<p>odading </p>,https://storage.googleapis.com/tanam-apps/b23f6c43-3e8d-40df-8044-a8eb8c474d8d.jpeg,2024-06-21 12:40:32.832703+00:00,2024-06-21 12:40:32.832703+00:00,,b01b4f90-a24f-478a-aa45-38135ac2420b
a478940d-5163-4a0e-88df-1772ceb65a34,odading mang oleh,<p>odading </p>,https://storage.googleapis.com/tanam-apps/a478940d-5163-4a0e-88df-1772ceb65a34.jpeg,2024-06-21 12:40:32.993345+00:00,2024-06-21 12:40:32.993345+00:00,,b01b4f90-a24f-478a-aa45-38135ac2420b
608c8f15-47ad-48bb-a267-a16a854af126,odading mang oleh,<p>odading </p>,https://storage.googleapis.com/tanam-apps/608c8f15-47ad-48bb-a267-a16a854af126.jpeg,2024-06-21 12:40:25.273067+00:00,2024-06-21 12:40:25.273067+00:00,2024-06-21 12:41:32.072503+00:00,b01b4f90-a24f-478a-aa45-38135ac2420b
64db55bb-cbf2-4584-bdec-75d11b2b2d0e,odading mang oleh,<p>odading </p>,https://storage.googleapis.com/tanam-apps/64db55bb-cbf2-4584-bdec-75d11b2b2d0e.jpeg,2024-06-21 12:40:33.272605+00:00,2024-06-21 12:40:33.272605+00:00,2024-06-21 12:41:36.656287+00:00,b01b4f90-a24f-478a-aa45-38135ac2420b
37fd117f-8c9f-4e8a-8012-6b48da7ffe15,odading mang oleh,<p>odading </p>,https://storage.googleapis.com/tanam-apps/37fd117f-8c9f-4e8a-8012-6b48da7ffe15.jpeg,2024-06-21 12:40:33.164777+00:00,2024-06-21 12:40:33.164777+00:00,2024-06-21 12:42:00.154166+00:00,b01b4f90-a24f-478a-aa45-38135ac2420b
6b8d1b19-077a-43ea-9b9d-ec22e344e797,Mohan cruise,<p>testing created at</p><p><br></p><p><br></p><p><br></p><p>cmon</p>,https://storage.googleapis.com/tanam-apps/6b8d1b19-077a-43ea-9b9d-ec22e344e797.jpeg,2024-06-22 01:22:13.141287+00:00,2024-06-22 01:22:13.141287+00:00,,b01b4f90-a24f-478a-aa45-38135ac2420b
e253a790-51eb-4df4-944a-4718efd208bf,this test title,this test content,https://storage.googleapis.com/tanam-apps/e253a790-51eb-4df4-944a-4718efd208bf.jpeg,2024-06-22 18:38:41.179038+00:00,2024-06-22 18:38:41.179038+00:00,,b01b4f90-a24f-478a-aa45-38135ac2420b
81743a93-63f6-4151-a246-23edc748c7be,this test title,this test content,https://storage.googleapis.com/tanam-apps/81743a93-63f6-4151-a246-23edc748c7be.jpeg,2024-06-22 18:47:54.680577+00:00,2024-06-22 18:47:54.680577+00:00,,b01b4f90-a24f-478a-aa45-38135ac2420b
78c4b998-3afc-4a74-9a83-99a8e94c2758,this test title,this test content,https://storage.googleapis.com/tanam-apps/78c4b998-3afc-4a74-9a83-99a8e94c2758.jpeg,2024-06-22 18:55:51.710608+00:00,2024-06-22 18:55:51.710608+00:00,,b01b4f90-a24f-478a-aa45-38135ac2420b
19393bad-ccf9-44aa-84a3-2da17b785464,this test title,this test content,https://storage.googleapis.com/tanam-apps/19393bad-ccf9-44aa-84a3-2da17b785464.jpeg,2024-06-22 19:03:16.558457+00:00,2024-06-22 19:03:16.558457+00:00,,b01b4f90-a24f-478a-aa45-38135ac2420b
f5ec5b7a-6e33-4adc-a5db-e7c93daf6f9a,this test title,this test content,https://storage.googleapis.com/tanam-apps/f5ec5b7a-6e33-4adc-a5db-e7c93daf6f9a.jpeg,2024-06-22 19:06:01.678671+00:00,2024-06-22 19:06:01.678671+00:00,,b01b4f90-a24f-478a-aa45-38135ac2420b
27c328cb-78e8-4d37-8800-4e64b6a97b2a,this test title,this test content,https://storage.googleapis.com/tanam-apps/27c328cb-78e8-4d37-8800-4e64b6a97b2a.jpeg,2024-06-22 19:17:04.706439+00:00,2024-06-22 19:17:04.706439+00:00,,b01b4f90-a24f-478a-aa45-38135ac2420b
ab8a6e84-b525-462b-be3e-02e5b5e69f5c,this test title,this test content,https://storage.googleapis.com/tanam-apps/ab8a6e84-b525-462b-be3e-02e5b5e69f5c.jpeg,2024-06-22 19:33:34.794212+00:00,2024-06-22 19:33:34.794212+00:00,,b01b4f90-a24f-478a-aa45-38135ac2420b
31ac6567-6220-48b6-94d4-9d2e6228c5ec,this test title,this test content,https://storage.googleapis.com/tanam-apps/31ac6567-6220-48b6-94d4-9d2e6228c5ec.jpeg,2024-06-22 20:01:25.347454+00:00,2024-06-22 20:01:25.347454+00:00,,b01b4f90-a24f-478a-aa45-38135ac2420b
fdf915f8-0ce9-4079-a756-2e25352be808,this test title,this test content,https://storage.googleapis.com/tanam-apps/fdf915f8-0ce9-4079-a756-2e25352be808.jpeg,2024-06-16 08:50:04.244959+00:00,2024-06-16 08:50:04.244959+00:00,2024-06-22 20:28:29.366967+00:00,
fb07562b-0040-4a2a-9bd7-5c301b430b69,this is update test title,this is update test description,https://storage.googleapis.com/tanam-apps/fb07562b-0040-4a2a-9bd7-5c301b430b69.jpeg,2024-06-16 08:43:30.050601+00:00,2024-06-22 20:32:46.498832+00:00,,b01b4f90-a24f-478a-aa45-38135ac2420b
ea222a15-bc5a-42e9-a37b-ce605f812ab5,this test title,this test content,https://storage.googleapis.com/tanam-apps/ea222a15-bc5a-42e9-a37b-ce605f812ab5.jpeg,2024-06-22 21:26:51.986489+00:00,2024-06-22 21:26:51.986489+00:00,,b01b4f90-a24f-478a-aa45-38135ac2420b
19220998-e9b0-4a7c-8b73-e7315d9a97a1,this test title,this test content,https://storage.googleapis.com/tanam-apps/19220998-e9b0-4a7c-8b73-e7315d9a97a1.jpeg,2024-06-22 21:41:06.765931+00:00,2024-06-22 21:41:06.765931+00:00,,b01b4f90-a24f-478a-aa45-38135ac2420b
e609097d-0d03-499b-bf11-469efa3c7596,this test title,this test content,https://storage.googleapis.com/tanam-apps/e609097d-0d03-499b-bf11-469efa3c7596.jpeg,2024-06-22 21:52:58.134114+00:00,2024-06-22 21:52:58.134114+00:00,,b01b4f90-a24f-478a-aa45-38135ac2420b
3f6f9e95-b87c-4922-b929-4c7968484791,this test title,this test content,https://storage.googleapis.com/tanam-apps/3f6f9e95-b87c-4922-b929-4c7968484791.jpeg,2024-06-22 22:01:59.109277+00:00,2024-06-22 22:01:59.109277+00:00,,b01b4f90-a24f-478a-aa45-38135ac2420b
9c8e225b-5c1f-4cd7-aa4e-87fe4e3dd1ed,this test title,this test content,https://storage.googleapis.com/tanam-apps/9c8e225b-5c1f-4cd7-aa4e-87fe4e3dd1ed.jpeg,2024-06-22 22:10:19.729085+00:00,2024-06-22 22:10:19.729085+00:00,,b01b4f90-a24f-478a-aa45-38135ac2420b
84d575b4-b191-4afc-a46e-2ec55b5fb24d,this test title,this test content,https://storage.googleapis.com/tanam-apps/84d575b4-b191-4afc-a46e-2ec55b5fb24d.jpeg,2024-06-22 22:18:01.991079+00:00,2024-06-22 22:18:01.991079+00:00,,b01b4f90-a24f-478a-aa45-38135ac2420b
36e9b2c5-c981-43d9-bb1f-b38aec995966,this test title,this test content,https://storage.googleapis.com/tanam-apps/36e9b2c5-c981-43d9-bb1f-b38aec995966.jpeg,2024-06-22 23:14:03.845261+00:00,2024-06-22 23:14:03.845261+00:00,2024-06-23 11:06:59.995691+00:00,b01b4f90-a24f-478a-aa45-38135ac2420b
29b5ad0c-fcb1-4cf0-8bc4-2da9eaeb44f8,this test title,this test content,https://storage.googleapis.com/tanam-apps/29b5ad0c-fcb1-4cf0-8bc4-2da9eaeb44f8.jpeg,2024-06-23 11:07:23.744131+00:00,2024-06-23 11:07:23.744131+00:00,,b01b4f90-a24f-478a-aa45-38135ac2420b
64fb7c94-0e8d-48e5-aae7-6d746d0d25f2,this test title,this test content,https://storage.googleapis.com/tanam-apps/64fb7c94-0e8d-48e5-aae7-6d746d0d25f2.jpeg,2024-06-23 11:27:32.902345+00:00,2024-06-23 11:27:32.902345+00:00,2024-06-23 11:30:33.900311+00:00,b01b4f90-a24f-478a-aa45-38135ac2420b
c411e125-32c1-4222-99b4-4efa254b11a6,this test title,this test content,https://storage.googleapis.com/tanam-apps/c411e125-32c1-4222-99b4-4efa254b11a6.jpeg,2024-06-23 11:41:05.398906+00:00,2024-06-23 11:41:05.398906+00:00,,b01b4f90-a24f-478a-aa45-38135ac2420b
7a0ef875-b9bf-4afb-99fc-3b7c84aa576e,this test title,this test content,https://storage.googleapis.com/tanam-apps/7a0ef875-b9bf-4afb-99fc-3b7c84aa576e.jpeg,2024-06-23 11:45:25.080302+00:00,2024-06-23 11:45:25.080302+00:00,,b01b4f90-a24f-478a-aa45-38135ac2420b
c88c9659-2ff5-45cb-86ee-6edab051cc46,this test title,this test content,https://storage.googleapis.com/tanam-apps/c88c9659-2ff5-45cb-86ee-6edab051cc46.jpeg,2024-06-23 12:02:34.143175+00:00,2024-06-23 12:02:34.143175+00:00,,b01b4f90-a24f-478a-aa45-38135ac2420b
72702ebb-95f8-4349-8000-e710f60a3354,this test title,this test content,https://storage.googleapis.com/tanam-apps/72702ebb-95f8-4349-8000-e710f60a3354.jpeg,2024-06-23 12:06:10.636789+00:00,2024-06-23 12:06:10.636789+00:00,,b01b4f90-a24f-478a-aa45-38135ac2420b
8d26f527-8a04-4c6b-a194-aec9c61d0273,this test title,this test content,https://storage.googleapis.com/tanam-apps/8d26f527-8a04-4c6b-a194-aec9c61d0273.jpeg,2024-06-23 12:12:01.783657+00:00,2024-06-23 12:12:01.783657+00:00,,b01b4f90-a24f-478a-aa45-38135ac2420b
c0c6f719-8e83-46a0-9f58-68c33a744a9c,this test title,this test content,https://storage.googleapis.com/tanam-apps/c0c6f719-8e83-46a0-9f58-68c33a744a9c.jpeg,2024-06-23 12:19:16.170938+00:00,2024-06-23 12:19:16.170938+00:00,,b01b4f90-a24f-478a-aa45-38135ac2420b
eef8171e-1251-4789-9bb6-7b0a083d62fc,this test title,this test content,https://storage.googleapis.com/tanam-apps/eef8171e-1251-4789-9bb6-7b0a083d62fc.jpeg,2024-06-23 12:28:23.957793+00:00,2024-06-23 12:28:23.957793+00:00,,b01b4f90-a24f-478a-aa45-38135ac2420b
810c856a-8aea-41e2-b963-1307e9aaf999,this test title,this test content,https://storage.googleapis.com/tanam-apps/810c856a-8aea-41e2-b963-1307e9aaf999.jpeg,2024-06-23 12:33:13.362132+00:00,2024-06-23 12:33:13.362132+00:00,,b01b4f90-a24f-478a-aa45-38135ac2420b
f01907be-bdd7-4011-af14-3d907df2571e,this test title,this test content,https://storage.googleapis.com/tanam-apps/f01907be-bdd7-4011-af14-3d907df2571e.jpeg,2024-06-23 12:54:43.551378+00:00,2024-06-23 12:54:43.551378+00:00,,b01b4f90-a24f-478a-aa45-38135ac2420b
a2e4e82c-a690-4bf6-9d1c-6fdc0030aad1,this test title,this test content,https://storage.googleapis.com/tanam-apps/a2e4e82c-a690-4bf6-9d1c-6fdc0030aad1.jpeg,2024-06-23 13:00:31.558747+00:00,2024-06-23 13:00:31.558747+00:00,,b01b4f90-a24f-478a-aa45-38135ac2420b
13bbfe64-3576-45f2-8198-2113b2798f43,this test title,this test content,https://storage.googleapis.com/tanam-apps/13bbfe64-3576-45f2-8198-2113b2798f43.jpeg,2024-06-23 13:10:52.341646+00:00,2024-06-23 13:10:52.341646+00:00,2024-06-23 13:28:19.553900+00:00,b01b4f90-a24f-478a-aa45-38135ac2420b
44306a5f-2100-4da7-bfd2-b34d8263f663,this test title,this test content,https://storage.googleapis.com/tanam-apps/44306a5f-2100-4da7-bfd2-b34d8263f663.jpeg,2024-06-23 13:37:02.831517+00:00,2024-06-23 13:37:02.831517+00:00,,b01b4f90-a24f-478a-aa45-38135ac2420b
240aabbc-580b-459b-86ca-c010e7299f88,this test title,this test content,https://storage.googleapis.com/tanam-apps/240aabbc-580b-459b-86ca-c010e7299f88.jpeg,2024-06-23 13:44:26.759377+00:00,2024-06-23 13:44:26.759377+00:00,,b01b4f90-a24f-478a-aa45-38135ac2420b
95f172ee-5267-4ced-94c3-4ffbf67e2643,this test title,this test content,https://storage.googleapis.com/tanam-apps/95f172ee-5267-4ced-94c3-4ffbf67e2643.jpeg,2024-06-23 14:23:01.099323+00:00,2024-06-23 14:23:01.099323+00:00,,b01b4f90-a24f-478a-aa45-38135ac2420b
ea11c12f-3658-42ec-8f59-c30a931d1320,Hanafi gay,<p>Hanafi gayy</p>,https://storage.googleapis.com/tanam-apps/ea11c12f-3658-42ec-8f59-c30a931d1320.jpg,2024-06-19 14:36:47.641558+00:00,2024-06-19 14:36:47.641558+00:00,2024-06-23 14:34:12.767238+00:00,
44f93221-dacc-4e1f-ac86-eafbee626f27,this test title,this test content,https://storage.googleapis.com/tanam-apps/44f93221-dacc-4e1f-ac86-eafbee626f27.jpeg,2024-06-23 14:36:16.236273+00:00,2024-06-23 14:36:16.236273+00:00,,b01b4f90-a24f-478a-aa45-38135ac2420b
b2a0aad6-4f79-4815-9d70-9e957bc545f0,this test title,this test content,https://storage.googleapis.com/tanam-apps/b2a0aad6-4f79-4815-9d70-9e957bc545f0.jpeg,2024-06-23 14:43:15.672721+00:00,2024-06-23 14:43:15.672721+00:00,,b01b4f90-a24f-478a-aa45-38135ac2420b
cd739cc0-9ead-4779-ba16-2028d8bc8a79,this test title,this test content,https://storage.googleapis.com/tanam-apps/cd739cc0-9ead-4779-ba16-2028d8bc8a79.jpeg,2024-06-23 14:53:04.348229+00:00,2024-06-23 14:53:04.348229+00:00,,b01b4f90-a24f-478a-aa45-38135ac2420b
a5814c17-e0da-4c99-8c73-4f155ae56b8e,this test title,this test content,https://storage.googleapis.com/tanam-apps/a5814c17-e0da-4c99-8c73-4f155ae56b8e.jpeg,2024-06-23 15:16:13.533937+00:00,2024-06-23 15:16:13.533937+00:00,,b01b4f90-a24f-478a-aa45-38135ac2420b
4c3d1e31-6ce9-49c7-b3da-8cc6cad548b3,this test title,this test content,https://storage.googleapis.com/tanam-apps/4c3d1e31-6ce9-49c7-b3da-8cc6cad548b3.jpeg,2024-06-23 15:18:46.641757+00:00,2024-06-23 15:18:46.641757+00:00,,b01b4f90-a24f-478a-aa45-38135ac2420b
cce10f4b-5f4b-4fca-b0d9-31ad1eb79ff4,this test title,this test content,https://storage.googleapis.com/tanam-apps/cce10f4b-5f4b-4fca-b0d9-31ad1eb79ff4.jpeg,2024-06-23 15:28:41.484904+00:00,2024-06-23 15:28:41.484904+00:00,,b01b4f90-a24f-478a-aa45-38135ac2420b
aae4d34c-e694-4b5c-866c-b8f1cc5f1e1a,this test title,this test content,https://storage.googleapis.com/tanam-apps/aae4d34c-e694-4b5c-866c-b8f1cc5f1e1a.jpeg,2024-06-23 15:37:17.423191+00:00,2024-06-23 15:37:17.423191+00:00,,b01b4f90-a24f-478a-aa45-38135ac2420b
26ff8494-a39d-465e-9017-2d12aa1956b2,this test title,this test content,https://storage.googleapis.com/tanam-apps/26ff8494-a39d-465e-9017-2d12aa1956b2.jpeg,2024-06-23 15:55:10.507032+00:00,2024-06-23 15:55:10.507032+00:00,,b01b4f90-a24f-478a-aa45-38135ac2420b
8bedbfd1-9f1f-4b1e-aa73-ee1e00c69071,this test title,this test content,https://storage.googleapis.com/tanam-apps/8bedbfd1-9f1f-4b1e-aa73-ee1e00c69071.jpeg,2024-06-23 16:13:14.203872+00:00,2024-06-23 16:13:14.203872+00:00,,b01b4f90-a24f-478a-aa45-38135ac2420b
d0710aff-88d5-4c18-bc50-f4cea1d5db77,this test title,this test content,https://storage.googleapis.com/tanam-apps/d0710aff-88d5-4c18-bc50-f4cea1d5db77.jpeg,2024-06-23 18:27:17.146481+00:00,2024-06-23 18:27:17.146481+00:00,,b01b4f90-a24f-478a-aa45-38135ac2420b
d4f9910b-376c-4158-9d4d-ff3b97e69fa7,artikel coba,<p>artikel coba</p><p>artikel coba</p><p>artikel coba</p><p>artikel coba</p>,https://storage.googleapis.com/tanam-apps/d4f9910b-376c-4158-9d4d-ff3b97e69fa7.jpg,2024-06-23 17:15:33.273742+00:00,2024-06-23 17:15:53.219479+00:00,2024-06-23 17:15:59.807749+00:00,b01b4f90-a24f-478a-aa45-38135ac2420b
66774765-2997-4b11-bc45-fa74e3321b59,this test title,this test content,https://storage.googleapis.com/tanam-apps/66774765-2997-4b11-bc45-fa74e3321b59.jpeg,2024-06-23 18:32:41.173725+00:00,2024-06-23 18:32:41.173725+00:00,,b01b4f90-a24f-478a-aa45-38135ac2420b
6f793341-16d1-41f2-8193-f706defe110d,this test title,this test content,https://storage.googleapis.com/tanam-apps/6f793341-16d1-41f2-8193-f706defe110d.jpeg,2024-06-23 18:38:43.452254+00:00,2024-06-23 18:38:43.452254+00:00,,b01b4f90-a24f-478a-aa45-38135ac2420b
13736527-12cb-4433-a8a4-1b99798e4fff,this test title,this test content,https://storage.googleapis.com/tanam-apps/13736527-12cb-4433-a8a4-1b99798e4fff.jpeg,2024-06-23 18:39:52.047180+00:00,2024-06-23 18:39:52.047180+00:00,,b01b4f90-a24f-478a-aa45-38135ac2420b
1d5b9554-71e8-4368-bb77-9297b09df040,this test title,this test content,https://storage.googleapis.com/tanam-apps/1d5b9554-71e8-4368-bb77-9297b09df040.jpeg,2024-06-23 21:53:02.361826+00:00,2024-06-23 21:53:02.361826+00:00,,b01b4f90-a24f-478a-aa45-38135ac2420b
6046fdc6-4bb5-427c-9c5c-20c9f65e8c1e,this test title,this test content,https://storage.googleapis.com/tanam-apps/6046fdc6-4bb5-427c-9c5c-20c9f65e8c1e.jpeg,2024-06-23 22:04:00.987430+00:00,2024-06-23 22:04:00.987430+00:00,,b01b4f90-a24f-478a-aa45-38135ac2420b
11414c59-69f2-4385-969b-ca6691b5b4ff,this test title,this test content,https://storage.googleapis.com/tanam-apps/11414c59-69f2-4385-969b-ca6691b5b4ff.jpeg,2024-06-23 22:05:12.446224+00:00,2024-06-23 22:05:12.446224+00:00,,b01b4f90-a24f-478a-aa45-38135ac2420b
b1987f12-5518-46c3-b143-e5bc86b3c117,this test title,this test content,https://storage.googleapis.com/tanam-apps/b1987f12-5518-46c3-b143-e5bc86b3c117.jpeg,2024-06-23 22:56:21.977653+00:00,2024-06-23 22:56:21.977653+00:00,,b01b4f90-a24f-478a-aa45-38135ac2420b
d6ec2862-4da6-4d13-9b7e-f92e02e3eab3,this test title,this test content,https://storage.googleapis.com/tanam-apps/d6ec2862-4da6-4d13-9b7e-f92e02e3eab3.jpeg,2024-06-23 23:12:33.425711+00:00,2024-06-23 23:12:33.425711+00:00,,b01b4f90-a24f-478a-aa45-38135ac2420b
a06d6110-0149-4bf3-bd35-94b469394e68,this test title,this test content,https://storage.googleapis.com/tanam-apps/a06d6110-0149-4bf3-bd35-94b469394e68.jpeg,2024-06-23 11:56:53.143581+00:00,2024-06-23 11:56:53.143581+00:00,2024-06-23 23:12:34.616068+00:00,b01b4f90-a24f-478a-aa45-38135ac2420b
