id,name,description,price,status,thumbnail,created_at,updated_at,deleted_at,count_sold
f4c6b40c-c268-4486-86d3-ae3a43e271b0,Ikan Gurame,"Gurame segar yang dipelihara dengan baik, tersedia dalam berbagai ukuran dan siap untuk dikirim langsung ke rumah Anda.",40000,available,https://storage.googleapis.com/tanam-apps/255bd7a1-ad1a-42ec-85f0-cb1d349bdeb5.jpeg,2024-06-23 11:28:21.324969+00:00,2024-06-23 19:07:23.442924+00:00,2024-06-23 20:00:10.670236+00:00,1.0
f09e8299-be62-43dc-a9ed-78eeb712f9aa,Ikan Gurame,"Gurame segar yang dipelihara dengan baik, tersedia dalam berbagai ukuran dan siap untuk dikirim langsung ke rumah Anda.",40000,available,https://storage.googleapis.com/tanam-apps/bdfc29aa-274e-42a8-841b-f513fd57c98d.jpeg,2024-06-23 11:46:05.625649+00:00,2024-06-24 05:25:00.130677+00:00,,1.0
c53f818b-1d13-4d9a-84aa-6ea2291afc4c,Ikan Gurame,"Gurame segar yang dipelihara dengan baik, tersedia dalam berbagai ukuran dan siap untuk dikirim langsung ke rumah Anda.",40000,available,https://storage.googleapis.com/tanam-apps/979ccb54-0261-4156-92df-d65c600a19e8.png,2024-06-10 08:49:28.533221+00:00,2024-06-23 11:31:10.160505+00:00,2024-06-23 11:31:13.132512+00:00,2.0
48c0d410-c727-4be7-9cfc-46fdddde0e54,Ikan Gurame,"Gurame segar yang dipelihara dengan baik, tersedia dalam berbagai ukuran dan siap untuk dikirim langsung ke rumah Anda.",40000,available,https://storage.googleapis.com/tanam-apps/e3c144df-f99b-40de-8d40-c2d222c49446.jpeg,2024-06-15 08:02:20.171695+00:00,2024-06-23 16:33:52.916521+00:00,,7.0
017ad4e5-37c5-4c99-b943-91d84766b3a9,Ikan Gurame,"Gurame segar yang dipelihara dengan baik, tersedia dalam berbagai ukuran dan siap untuk dikirim langsung ke rumah Anda.",95000,available,https://storage.googleapis.com/tanam-apps/9495261e-6ee3-442d-bfe3-ce5ee42cca03.png,2024-06-15 08:02:45.312847+00:00,2024-06-23 11:40:38.140063+00:00,,1.0
e49ff677-fcfa-4e57-8a41-ecd49ba5cf87,Ikan Patin Segar (bukan frozen) 500 gr/1 kg Free Dibersihkan,"PREMIUM LOKAL PRODUCT Harap !!! OPEN 06:00 WIB S/D 16.00 WIB [SILAHKAN PILIH UKURAN IKAN SESUAI VARIANT, JIKA INGIN UKURAN TERTENTU SILAHKAN CHAT SELLER TERLEBIH DAHULU UNTUK KETERSEDIAANNYA]",40000,available,https://storage.googleapis.com/tanam-apps/8e0c411b-bb6e-4b0b-864f-49fee0535bd3.jpeg,2024-06-23 11:41:38.408685+00:00,2024-06-23 11:41:38.408685+00:00,,0.0
fcb223c0-6be0-48c7-a260-d5a2ab4f43d6,Ikan Patin Segar (bukan frozen) 500 gr/1 kg Free Dibersihkan,"PREMIUM LOKAL PRODUCT Harap !!! OPEN 06:00 WIB S/D 16.00 WIB [SILAHKAN PILIH UKURAN IKAN SESUAI VARIANT, JIKA INGIN UKURAN TERTENTU SILAHKAN CHAT SELLER TERLEBIH DAHULU UNTUK KETERSEDIAANNYA]",40000,available,https://storage.googleapis.com/tanam-apps/b923ee3d-7ffc-4037-977e-afcb77bebdb2.jpeg,2024-06-23 12:28:40.646120+00:00,2024-06-23 12:28:40.646120+00:00,,0.0
fea0867e-4002-4d49-8509-729275ce36da,Ikan Patin Segar (bukan frozen) 500 gr/1 kg Free Dibersihkan,"PREMIUM LOKAL PRODUCT Harap !!! OPEN 06:00 WIB S/D 16.00 WIB [SILAHKAN PILIH UKURAN IKAN SESUAI VARIANT, JIKA INGIN UKURAN TERTENTU SILAHKAN CHAT SELLER TERLEBIH DAHULU UNTUK KETERSEDIAANNYA]",40000,available,https://storage.googleapis.com/tanam-apps/7973c56b-a7c2-4d61-8e6b-f7bf2b41350c.jpeg,2024-06-23 12:06:36.059034+00:00,2024-06-23 12:06:36.059034+00:00,,0.0
b81d7ae7-57e4-4411-980c-39150de6c371,Ikan Patin Segar (bukan frozen) 500 gr/1 kg Free Dibersihkan,"PREMIUM LOKAL PRODUCT Harap !!! OPEN 06:00 WIB S/D 16.00 WIB [SILAHKAN PILIH UKURAN IKAN SESUAI VARIANT, JIKA INGIN UKURAN TERTENTU SILAHKAN CHAT SELLER TERLEBIH DAHULU UNTUK KETERSEDIAANNYA]",40000,available,https://storage.googleapis.com/tanam-apps/7567ad20-cf5a-4145-813b-7d8b4c33e183.jpeg,2024-06-23 11:57:31.981630+00:00,2024-06-23 11:57:31.981630+00:00,,0.0
725ca333-5e06-4fa0-97b6-32510902493a,Ikan Gurame,"Gurame segar yang dipelihara dengan baik, tersedia dalam berbagai ukuran dan siap untuk dikirim langsung ke rumah Anda.",40000,available,https://storage.googleapis.com/tanam-apps/766ad110-bdd9-46c3-b131-d6306b0bebd8.jpeg,2024-06-23 12:02:46.824774+00:00,2024-06-23 12:07:36.241381+00:00,,2.0
58ab8e2f-5538-49a6-a92f-cb4a54ab9ab3,Ikan Patin Segar (bukan frozen) 500 gr/1 kg Free Dibersihkan,"PREMIUM LOKAL PRODUCT Harap !!! OPEN 06:00 WIB S/D 16.00 WIB [SILAHKAN PILIH UKURAN IKAN SESUAI VARIANT, JIKA INGIN UKURAN TERTENTU SILAHKAN CHAT SELLER TERLEBIH DAHULU UNTUK KETERSEDIAANNYA]",40000,available,https://storage.googleapis.com/tanam-apps/52293b51-89f5-4e0a-88c1-7ad30dd81afb.jpeg,2024-06-23 12:19:57.870543+00:00,2024-06-23 12:19:57.870543+00:00,,0.0
966bd3db-5299-4d1c-8f4c-9963691283d8,Ikan Gurame,"Gurame segar yang dipelihara dengan baik, tersedia dalam berbagai ukuran dan siap untuk dikirim langsung ke rumah Anda.",40000,available,https://storage.googleapis.com/tanam-apps/244f0fc5-1ccd-4941-8c95-67010553679f.png,2024-06-15 08:00:46.941804+00:00,2024-06-23 16:19:02.769623+00:00,,3.0
0996c322-e152-4b08-afd3-030ffcf6038b,Ikan Patin Segar (bukan frozen) 500 gr/1 kg Free Dibersihkan,"PREMIUM LOKAL PRODUCT Harap !!! OPEN 06:00 WIB S/D 16.00 WIB [SILAHKAN PILIH UKURAN IKAN SESUAI VARIANT, JIKA INGIN UKURAN TERTENTU SILAHKAN CHAT SELLER TERLEBIH DAHULU UNTUK KETERSEDIAANNYA]",40000,available,https://storage.googleapis.com/tanam-apps/22ca8718-7145-4a50-81de-d1a43cde9f91.jpeg,2024-06-23 14:36:50.217852+00:00,2024-06-23 16:32:29.025053+00:00,,2.0
60dc3770-478c-4e49-aa5e-b9c0ff2c001f,Kerapu Macan Segar Laut Nusantara  ,EKSEKUTIF LOKAL PRODUCT!! Dipancing di Perairan Tropis  ,85000,available,https://storage.googleapis.com/tanam-apps/225c88ec-41ec-4b41-bb68-714c950e1fce.png,2024-06-15 08:00:31.827179+00:00,2024-06-23 02:59:40.222378+00:00,2024-06-23 10:45:43.174173+00:00,1.0
27e1656b-2690-407d-8a06-947a138939cf,Ikan Patin Segar (bukan frozen) 500 gr/1 kg Free Dibersihkan,"PREMIUM LOKAL PRODUCT Harap !!! OPEN 06:00 WIB S/D 16.00 WIB [SILAHKAN PILIH UKURAN IKAN SESUAI VARIANT, JIKA INGIN UKURAN TERTENTU SILAHKAN CHAT SELLER TERLEBIH DAHULU UNTUK KETERSEDIAANNYA]",40000,unavailable,https://storage.googleapis.com/tanam-apps/224ba9c0-d0a0-40d0-9e42-b07e511a9c03.jpeg,2024-06-16 07:31:01.215101+00:00,2024-06-22 02:51:07.789171+00:00,2024-06-23 10:47:51.470024+00:00,
3964a5d1-7bb5-48e5-b25e-b46b042765e8,"Lele Organik Segar, Bebas Antibiotik  ",EKSKLUSIF LOKAL PRODUCT!! Dikembangkan Dengan Sistem Ramah Lingkungan  ,25000,available,https://storage.googleapis.com/tanam-apps/5dee2c25-46ba-4e50-ae96-79ffbebf05f3.png,2024-06-15 08:01:51.528704+00:00,2024-06-20 12:45:43.820326+00:00,2024-06-23 10:48:23.133439+00:00,
23c908da-37cd-4786-9026-7e2f9c24358e,Bawal Bintang Segar Laut Dalam  ,PREMIUM LOKAL PRODUCT!! Asli Dari Laut Nusantara  ,50000,available,https://storage.googleapis.com/tanam-apps/3e019c86-cf9d-4419-88f1-d95264efc175.png,2024-06-15 08:02:02.198106+00:00,2024-06-20 13:01:15.622149+00:00,2024-06-23 11:00:29.916088+00:00,
c0106f6e-8c1d-4208-92da-2646b0182f26,Ikan Gurame,"Gurame segar yang dipelihara dengan baik, tersedia dalam berbagai ukuran dan siap untuk dikirim langsung ke rumah Anda.",40000,available,https://storage.googleapis.com/tanam-apps/6dfef7c5-ffd4-4794-a4de-956bfb47f3d1.png,2024-06-10 08:48:54.375144+00:00,2024-06-22 08:55:14.482705+00:00,2024-06-23 11:00:52.773582+00:00,
a06f8770-58b8-4e72-80e5-536d9aad6450,Ikan Gurame,"Gurame segar yang dipelihara dengan baik, tersedia dalam berbagai ukuran dan siap untuk dikirim langsung ke rumah Anda.",40000,available,https://storage.googleapis.com/tanam-apps/c374fa88-4e52-41d6-8d52-1b64a0b7e650.png,2024-06-15 08:03:47.815467+00:00,2024-06-23 11:14:55.565899+00:00,,
7c64c636-b8dc-44d1-b13e-6b0e0c36595e,Ikan Gurame,"Gurame segar yang dipelihara dengan baik, tersedia dalam berbagai ukuran dan siap untuk dikirim langsung ke rumah Anda.",70000,available,https://storage.googleapis.com/tanam-apps/6c3c8c5b-783f-4170-b3d7-cb8f7c749f98.png,2024-06-15 08:04:58.931262+00:00,2024-06-23 11:15:07.296577+00:00,,
f676debc-00b7-46bd-bfc6-5e61a75f82dc,Ikan Patin Segar (bukan frozen) 500 gr/1 kg Free Dibersihkan,"PREMIUM LOKAL PRODUCT Harap !!! OPEN 06:00 WIB S/D 16.00 WIB [SILAHKAN PILIH UKURAN IKAN SESUAI VARIANT, JIKA INGIN UKURAN TERTENTU SILAHKAN CHAT SELLER TERLEBIH DAHULU UNTUK KETERSEDIAANNYA]",40000,available,https://storage.googleapis.com/tanam-apps/b5491cff-39ba-42bb-9eda-9ca27b49aef9.jpeg,2024-06-16 07:54:23.445784+00:00,2024-06-16 07:54:23.445784+00:00,,
c734cb07-6caa-488f-b242-1d106723df4d,Ikan Patin Segar (bukan frozen) 500 gr/1 kg Free Dibersihkan,"PREMIUM LOKAL PRODUCT Harap !!! OPEN 06:00 WIB S/D 16.00 WIB [SILAHKAN PILIH UKURAN IKAN SESUAI VARIANT, JIKA INGIN UKURAN TERTENTU SILAHKAN CHAT SELLER TERLEBIH DAHULU UNTUK KETERSEDIAANNYA]",40000,available,https://storage.googleapis.com/tanam-apps/b2de9ed3-2b6a-4950-b4a3-d8b973015a49.jpeg,2024-06-16 07:57:21.840348+00:00,2024-06-16 07:57:21.840348+00:00,,
83898f54-060d-42a1-a75d-7991ca1e8e02,Ikan Patin Segar (bukan frozen) 500 gr/1 kg Free Dibersihkan,"PREMIUM LOKAL PRODUCT Harap !!! OPEN 06:00 WIB S/D 16.00 WIB [SILAHKAN PILIH UKURAN IKAN SESUAI VARIANT, JIKA INGIN UKURAN TERTENTU SILAHKAN CHAT SELLER TERLEBIH DAHULU UNTUK KETERSEDIAANNYA]",40000,available,https://storage.googleapis.com/tanam-apps/1421e990-4c4c-406d-bade-b8634f169628.jpeg,2024-06-16 07:45:38.918566+00:00,2024-06-23 15:55:06.750446+00:00,,1.0
45000257-ca70-4a81-aea5-afbcbd8af95b,Ikan Patin Segar (bukan frozen) 500 gr/1 kg Free Dibersihkan,"PREMIUM LOKAL PRODUCT Harap !!! OPEN 06:00 WIB S/D 16.00 WIB [SILAHKAN PILIH UKURAN IKAN SESUAI VARIANT, JIKA INGIN UKURAN TERTENTU SILAHKAN CHAT SELLER TERLEBIH DAHULU UNTUK KETERSEDIAANNYA]",40000,available,https://storage.googleapis.com/tanam-apps/0d47797a-c6af-4655-a358-c89177a413d3.jpeg,2024-06-16 08:02:52.893920+00:00,2024-06-16 08:02:52.893920+00:00,,
c3b0dda4-785b-4d13-8601-224c8c829183,Ikan Patin Segar (bukan frozen) 500 gr/1 kg Free Dibersihkan,"PREMIUM LOKAL PRODUCT Harap !!! OPEN 06:00 WIB S/D 16.00 WIB [SILAHKAN PILIH UKURAN IKAN SESUAI VARIANT, JIKA INGIN UKURAN TERTENTU SILAHKAN CHAT SELLER TERLEBIH DAHULU UNTUK KETERSEDIAANNYA]",40000,available,https://storage.googleapis.com/tanam-apps/91ef0693-36fb-41af-844d-dd2144f57b4f.jpeg,2024-06-16 08:13:48.183645+00:00,2024-06-16 08:13:48.183645+00:00,,
f6c897e6-0f63-475a-83a2-6d4de9891552,Ikan Patin Segar (bukan frozen) 500 gr/1 kg Free Dibersihkan,"PREMIUM LOKAL PRODUCT Harap !!! OPEN 06:00 WIB S/D 16.00 WIB [SILAHKAN PILIH UKURAN IKAN SESUAI VARIANT, JIKA INGIN UKURAN TERTENTU SILAHKAN CHAT SELLER TERLEBIH DAHULU UNTUK KETERSEDIAANNYA]",40000,available,https://storage.googleapis.com/tanam-apps/bb4bb02a-d209-4f29-93e9-614e2c9d2bec.jpeg,2024-06-16 08:15:44.324304+00:00,2024-06-16 08:15:44.324304+00:00,,
e494567b-7bc7-4104-b2cf-09ff09e98937,Ikan Patin Segar (bukan frozen) 500 gr/1 kg Free Dibersihkan,"PREMIUM LOKAL PRODUCT Harap !!! OPEN 06:00 WIB S/D 16.00 WIB [SILAHKAN PILIH UKURAN IKAN SESUAI VARIANT, JIKA INGIN UKURAN TERTENTU SILAHKAN CHAT SELLER TERLEBIH DAHULU UNTUK KETERSEDIAANNYA]",40000,available,https://storage.googleapis.com/tanam-apps/9d6dbd50-b01f-4453-ba79-714b57ebb447.jpeg,2024-06-16 08:26:58.190554+00:00,2024-06-16 08:26:58.190554+00:00,,
980a2a10-4a39-4e66-9f90-5d0f4e54bee7,Ikan Patin Segar (bukan frozen) 500 gr/1 kg Free Dibersihkan,"PREMIUM LOKAL PRODUCT Harap !!! OPEN 06:00 WIB S/D 16.00 WIB [SILAHKAN PILIH UKURAN IKAN SESUAI VARIANT, JIKA INGIN UKURAN TERTENTU SILAHKAN CHAT SELLER TERLEBIH DAHULU UNTUK KETERSEDIAANNYA]",40000,available,https://storage.googleapis.com/tanam-apps/de4ce0b3-9750-4e96-9256-0ee401e0983a.jpeg,2024-06-16 08:28:14.824586+00:00,2024-06-16 08:28:14.824586+00:00,,
7b8378eb-44a2-46c0-ab3d-18d2e4194af2,Ikan Patin Segar (bukan frozen) 500 gr/1 kg Free Dibersihkan,"PREMIUM LOKAL PRODUCT Harap !!! OPEN 06:00 WIB S/D 16.00 WIB [SILAHKAN PILIH UKURAN IKAN SESUAI VARIANT, JIKA INGIN UKURAN TERTENTU SILAHKAN CHAT SELLER TERLEBIH DAHULU UNTUK KETERSEDIAANNYA]",40000,available,https://storage.googleapis.com/tanam-apps/5b268cfc-2a56-4f1c-9b22-72e56f80f26d.jpeg,2024-06-16 08:32:59.610101+00:00,2024-06-16 08:32:59.610101+00:00,,
b772409c-d0e1-4a46-9c26-5a2263245643,Ikan Patin Segar (bukan frozen) 500 gr/1 kg Free Dibersihkan,"PREMIUM LOKAL PRODUCT Harap !!! OPEN 06:00 WIB S/D 16.00 WIB [SILAHKAN PILIH UKURAN IKAN SESUAI VARIANT, JIKA INGIN UKURAN TERTENTU SILAHKAN CHAT SELLER TERLEBIH DAHULU UNTUK KETERSEDIAANNYA]",40000,available,https://storage.googleapis.com/tanam-apps/2f182128-b7c8-4fd1-93aa-cdec8aec23dd.jpeg,2024-06-16 08:37:06.097940+00:00,2024-06-16 08:37:06.097940+00:00,,
01487f48-7f4e-4bea-abd3-be10693a08c1,Ikan Patin Segar (bukan frozen) 500 gr/1 kg Free Dibersihkan,"PREMIUM LOKAL PRODUCT Harap !!! OPEN 06:00 WIB S/D 16.00 WIB [SILAHKAN PILIH UKURAN IKAN SESUAI VARIANT, JIKA INGIN UKURAN TERTENTU SILAHKAN CHAT SELLER TERLEBIH DAHULU UNTUK KETERSEDIAANNYA]",40000,available,https://storage.googleapis.com/tanam-apps/dbbdfcbb-e8cf-44cf-89de-d09c8e829fb9.jpeg,2024-06-16 08:39:19.548158+00:00,2024-06-16 08:39:19.548158+00:00,,
7ab1dafc-3509-483f-a429-c42f14680d71,Ikan Patin Segar (bukan frozen) 500 gr/1 kg Free Dibersihkan,"PREMIUM LOKAL PRODUCT Harap !!! OPEN 06:00 WIB S/D 16.00 WIB [SILAHKAN PILIH UKURAN IKAN SESUAI VARIANT, JIKA INGIN UKURAN TERTENTU SILAHKAN CHAT SELLER TERLEBIH DAHULU UNTUK KETERSEDIAANNYA]",40000,available,https://storage.googleapis.com/tanam-apps/043c749f-dfb8-4c99-a01e-559bf5a6012b.jpeg,2024-06-16 08:43:36.656231+00:00,2024-06-16 08:43:36.656231+00:00,,
91794758-6527-4992-9d56-2fe9f8bacbc6,Ikan Patin Segar (bukan frozen) 500 gr/1 kg Free Dibersihkan,"PREMIUM LOKAL PRODUCT Harap !!! OPEN 06:00 WIB S/D 16.00 WIB [SILAHKAN PILIH UKURAN IKAN SESUAI VARIANT, JIKA INGIN UKURAN TERTENTU SILAHKAN CHAT SELLER TERLEBIH DAHULU UNTUK KETERSEDIAANNYA]",40000,available,https://storage.googleapis.com/tanam-apps/80589562-2b5b-4c86-9e24-f1e6bee852e5.jpeg,2024-06-16 08:50:14.654805+00:00,2024-06-16 08:50:14.654805+00:00,,
c8810e93-20b1-42ff-a09d-c3203dea6be0,Ikan Patin Segar (bukan frozen) 500 gr/1 kg Free Dibersihkan,"PREMIUM LOKAL PRODUCT Harap !!! OPEN 06:00 WIB S/D 16.00 WIB [SILAHKAN PILIH UKURAN IKAN SESUAI VARIANT, JIKA INGIN UKURAN TERTENTU SILAHKAN CHAT SELLER TERLEBIH DAHULU UNTUK KETERSEDIAANNYA]",40000,available,https://storage.googleapis.com/tanam-apps/c3f8d95c-92d4-47eb-a516-9b7072f362d8.jpeg,2024-06-16 09:00:15.759243+00:00,2024-06-16 09:00:15.759243+00:00,,
870925df-e541-403c-8d4a-77868cfaaa6f,Ikan Patin Segar (bukan frozen) 500 gr/1 kg Free Dibersihkan,"PREMIUM LOKAL PRODUCT Harap !!! OPEN 06:00 WIB S/D 16.00 WIB [SILAHKAN PILIH UKURAN IKAN SESUAI VARIANT, JIKA INGIN UKURAN TERTENTU SILAHKAN CHAT SELLER TERLEBIH DAHULU UNTUK KETERSEDIAANNYA]",40000,available,https://storage.googleapis.com/tanam-apps/ff0b17d2-38b9-40fd-b0e4-22f0b3cfc756.jpeg,2024-06-16 09:03:19.735054+00:00,2024-06-16 09:03:19.735054+00:00,,
d9f99158-7e41-4293-aa54-0b9cbd9bfb1b,Ikan Patin Segar (bukan frozen) 500 gr/1 kg Free Dibersihkan,"PREMIUM LOKAL PRODUCT Harap !!! OPEN 06:00 WIB S/D 16.00 WIB [SILAHKAN PILIH UKURAN IKAN SESUAI VARIANT, JIKA INGIN UKURAN TERTENTU SILAHKAN CHAT SELLER TERLEBIH DAHULU UNTUK KETERSEDIAANNYA]",40000,available,https://storage.googleapis.com/tanam-apps/e034e167-e790-42d0-8214-79bd88b89578.jpeg,2024-06-16 09:07:46.043712+00:00,2024-06-16 09:07:46.043712+00:00,,
4842daab-ece3-42eb-a2d5-272128ebc605,Ikan Patin Segar (bukan frozen) 500 gr/1 kg Free Dibersihkan,"PREMIUM LOKAL PRODUCT Harap !!! OPEN 06:00 WIB S/D 16.00 WIB [SILAHKAN PILIH UKURAN IKAN SESUAI VARIANT, JIKA INGIN UKURAN TERTENTU SILAHKAN CHAT SELLER TERLEBIH DAHULU UNTUK KETERSEDIAANNYA]",40000,available,https://storage.googleapis.com/tanam-apps/1556b905-37d3-4885-b0c2-b48ca8296be4.jpeg,2024-06-16 09:11:25.016498+00:00,2024-06-16 09:11:25.016498+00:00,,
a82a76ea-05d4-4e11-a159-57c1e63c3341,Ikan Patin Segar (bukan frozen) 500 gr/1 kg Free Dibersihkan,"PREMIUM LOKAL PRODUCT Harap !!! OPEN 06:00 WIB S/D 16.00 WIB [SILAHKAN PILIH UKURAN IKAN SESUAI VARIANT, JIKA INGIN UKURAN TERTENTU SILAHKAN CHAT SELLER TERLEBIH DAHULU UNTUK KETERSEDIAANNYA]",40000,available,https://storage.googleapis.com/tanam-apps/8b244acc-54e2-4879-910b-5ec0b7fc41bd.jpeg,2024-06-23 14:23:17.874668+00:00,2024-06-23 14:23:17.874668+00:00,,0.0
e0275569-1138-44b3-bceb-4321c77e9f1a,Ikan Patin Segar (bukan frozen) 500 gr/1 kg Free Dibersihkan,"PREMIUM LOKAL PRODUCT Harap !!! OPEN 06:00 WIB S/D 16.00 WIB [SILAHKAN PILIH UKURAN IKAN SESUAI VARIANT, JIKA INGIN UKURAN TERTENTU SILAHKAN CHAT SELLER TERLEBIH DAHULU UNTUK KETERSEDIAANNYA]",40000,available,https://storage.googleapis.com/tanam-apps/0c7e07c5-9682-4324-af4d-4b1ba18728a1.jpeg,2024-06-23 15:55:28.870949+00:00,2024-06-23 15:55:28.870949+00:00,,0.0
332a1541-c307-491f-8e17-11d441ce4494,Ikan Patin Segar (bukan frozen) 500 gr/1 kg Free Dibersihkan,"PREMIUM LOKAL PRODUCT Harap !!! OPEN 06:00 WIB S/D 16.00 WIB [SILAHKAN PILIH UKURAN IKAN SESUAI VARIANT, JIKA INGIN UKURAN TERTENTU SILAHKAN CHAT SELLER TERLEBIH DAHULU UNTUK KETERSEDIAANNYA]",40000,available,https://storage.googleapis.com/tanam-apps/1a907642-710a-4281-9e90-7ad549c21425.png,2024-06-18 11:46:51.319931+00:00,2024-06-23 16:28:58.007315+00:00,,1.0
12299b2e-82d0-4d91-bbba-3460df80795c,Ikan Patin Segar (bukan frozen) 500 gr/1 kg Free Dibersihkan,"PREMIUM LOKAL PRODUCT Harap !!! OPEN 06:00 WIB S/D 16.00 WIB [SILAHKAN PILIH UKURAN IKAN SESUAI VARIANT, JIKA INGIN UKURAN TERTENTU SILAHKAN CHAT SELLER TERLEBIH DAHULU UNTUK KETERSEDIAANNYA]",40000,available,https://storage.googleapis.com/tanam-apps/e9a35eaf-7a54-48e6-8434-4191e10b4e97.jpeg,2024-06-23 22:04:20.576906+00:00,2024-06-23 22:04:20.576906+00:00,,0.0
900382ea-5939-4f0f-857c-64963e54c1ab,Ikan Patin Segar (bukan frozen) 500 gr/1 kg Free Dibersihkan,"PREMIUM LOKAL PRODUCT Harap !!! OPEN 06:00 WIB S/D 16.00 WIB [SILAHKAN PILIH UKURAN IKAN SESUAI VARIANT, JIKA INGIN UKURAN TERTENTU SILAHKAN CHAT SELLER TERLEBIH DAHULU UNTUK KETERSEDIAANNYA]",40000,available,https://storage.googleapis.com/tanam-apps/bf3b607f-69a9-4c1c-831c-c726496136d0.jpeg,2024-06-23 22:56:46.019290+00:00,2024-06-23 22:56:46.019290+00:00,,0.0
9b8414f8-aa8f-47b5-9ccc-41e3ca4c2094,Ikan Patin Segar (bukan frozen) 500 gr/1 kg Free Dibersihkan,"PREMIUM LOKAL PRODUCT Harap !!! OPEN 06:00 WIB S/D 16.00 WIB [SILAHKAN PILIH UKURAN IKAN SESUAI VARIANT, JIKA INGIN UKURAN TERTENTU SILAHKAN CHAT SELLER TERLEBIH DAHULU UNTUK KETERSEDIAANNYA]",40000,available,https://storage.googleapis.com/tanam-apps/a5accb45-7448-46a5-9ae3-15a62afa6fc4.jpeg,2024-06-23 23:13:03.515437+00:00,2024-06-23 23:13:03.515437+00:00,,0.0
c948df1c-29ad-487d-850f-0eceb1cb3246,Ikan Patin Segar (bukan frozen) 500 gr/1 kg Free Dibersihkan,"PREMIUM LOKAL PRODUCT Harap !!! OPEN 06:00 WIB S/D 16.00 WIB [SILAHKAN PILIH UKURAN IKAN SESUAI VARIANT, JIKA INGIN UKURAN TERTENTU SILAHKAN CHAT SELLER TERLEBIH DAHULU UNTUK KETERSEDIAANNYA]",40000,available,https://storage.googleapis.com/tanam-apps/73eba56b-850c-4c2c-b760-ab4533daddf4.png,2024-06-18 12:00:34.367907+00:00,2024-06-18 12:00:34.367907+00:00,,
a9bb9dfc-32cd-44eb-a6dd-95940befa5c9,Ikan Patin Segar (bukan frozen) 500 gr/1 kg Free Dibersihkan,"PREMIUM LOKAL PRODUCT Harap !!! OPEN 06:00 WIB S/D 16.00 WIB [SILAHKAN PILIH UKURAN IKAN SESUAI VARIANT, JIKA INGIN UKURAN TERTENTU SILAHKAN CHAT SELLER TERLEBIH DAHULU UNTUK KETERSEDIAANNYA]",40000,available,https://storage.googleapis.com/tanam-apps/ad4d68db-9df9-4e92-bb98-a113f600847f.jpeg,2024-06-18 19:05:42.380527+00:00,2024-06-18 19:05:42.380527+00:00,,
349aa1ce-a58d-44e9-90bc-af16606f0418,Ikan Patin Segar (bukan frozen) 500 gr/1 kg Free Dibersihkan,"PREMIUM LOKAL PRODUCT Harap !!! OPEN 06:00 WIB S/D 16.00 WIB [SILAHKAN PILIH UKURAN IKAN SESUAI VARIANT, JIKA INGIN UKURAN TERTENTU SILAHKAN CHAT SELLER TERLEBIH DAHULU UNTUK KETERSEDIAANNYA]",40000,available,https://storage.googleapis.com/tanam-apps/e4b81902-aabc-4f71-ba3e-22cbe484fc6a.jpeg,2024-06-18 19:14:06.418183+00:00,2024-06-18 19:14:06.418183+00:00,,
ac931d67-36d6-4c2f-a998-ae0983f3ee50,Ikan Patin Segar (bukan frozen) 500 gr/1 kg Free Dibersihkan,"PREMIUM LOKAL PRODUCT Harap !!! OPEN 06:00 WIB S/D 16.00 WIB [SILAHKAN PILIH UKURAN IKAN SESUAI VARIANT, JIKA INGIN UKURAN TERTENTU SILAHKAN CHAT SELLER TERLEBIH DAHULU UNTUK KETERSEDIAANNYA]",40000,available,https://storage.googleapis.com/tanam-apps/35b1bd18-641a-4bc5-be40-fdf085664efe.jpeg,2024-06-18 19:17:24.085185+00:00,2024-06-18 19:17:24.085185+00:00,,
10fdc6a4-10be-4907-b376-9b826703ae47,Udang Vaname Segar (bukan frozen) 500 gr/1 kg Free Dikupas,"PREMIUM LOKAL PRODUCT Harap !!! OPEN 07:00 WIB S/D 17.00 WIB [SILAHKAN PILIH UKURAN UDANG SESUAI VARIANT, JIKA INGIN UKURAN TERTENTU SILAHKAN CHAT SELLER TERLEBIH DAHULU UNTUK KETERSEDIAANNYA]",65000,available,https://storage.googleapis.com/tanam-apps/7686d605-a066-4d3f-94ba-407ce4bffdb8.png,2024-06-10 08:48:19.298691+00:00,2024-06-10 08:48:19.298691+00:00,,
2378554b-28e3-452d-80a2-5995312d653f,Ikan Patin Segar (bukan frozen) 500 gr/1 kg Free Dibersihkan,"PREMIUM LOKAL PRODUCT Harap !!! OPEN 06:00 WIB S/D 16.00 WIB [SILAHKAN PILIH UKURAN IKAN SESUAI VARIANT, JIKA INGIN UKURAN TERTENTU SILAHKAN CHAT SELLER TERLEBIH DAHULU UNTUK KETERSEDIAANNYA]",40000,available,https://storage.googleapis.com/tanam-apps/c2d4240d-9624-44b3-a66a-86359a2a637f.jpeg,2024-06-18 19:22:09.802760+00:00,2024-06-18 19:22:09.802760+00:00,,
8bda28f7-20b3-4434-a826-b81d57234568,Ikan Patin Segar (bukan frozen) 500 gr/1 kg Free Dibersihkan,"PREMIUM LOKAL PRODUCT Harap !!! OPEN 06:00 WIB S/D 16.00 WIB [SILAHKAN PILIH UKURAN IKAN SESUAI VARIANT, JIKA INGIN UKURAN TERTENTU SILAHKAN CHAT SELLER TERLEBIH DAHULU UNTUK KETERSEDIAANNYA]",40000,available,https://storage.googleapis.com/tanam-apps/94221224-f5da-40d6-b2f7-f88c311146c6.jpeg,2024-06-18 19:25:56.554232+00:00,2024-06-18 19:25:56.554232+00:00,,
dbc40955-b1a3-4ddd-892f-97043c67e332,Ikan Patin Segar (bukan frozen) 500 gr/1 kg Free Dibersihkan,"PREMIUM LOKAL PRODUCT Harap !!! OPEN 06:00 WIB S/D 16.00 WIB [SILAHKAN PILIH UKURAN IKAN SESUAI VARIANT, JIKA INGIN UKURAN TERTENTU SILAHKAN CHAT SELLER TERLEBIH DAHULU UNTUK KETERSEDIAANNYA]",40000,available,https://storage.googleapis.com/tanam-apps/a083384f-bc5d-4c7f-a969-19446ad3db54.jpeg,2024-06-18 19:28:10.754530+00:00,2024-06-18 19:28:10.754530+00:00,,
f229ff67-e212-4c76-908b-187e4d640172,Ikan Patin Segar (bukan frozen) 500 gr/1 kg Free Dibersihkan,"PREMIUM LOKAL PRODUCT Harap !!! OPEN 06:00 WIB S/D 16.00 WIB [SILAHKAN PILIH UKURAN IKAN SESUAI VARIANT, JIKA INGIN UKURAN TERTENTU SILAHKAN CHAT SELLER TERLEBIH DAHULU UNTUK KETERSEDIAANNYA]",40000,available,https://storage.googleapis.com/tanam-apps/04e56204-e7b0-40b9-af90-569acf039081.jpeg,2024-06-18 19:32:40.123506+00:00,2024-06-18 19:32:40.123506+00:00,,
99d04a4d-c2ed-46c1-9ea4-af0318aece92,Ikan Patin Segar (bukan frozen) 500 gr/1 kg Free Dibersihkan,"PREMIUM LOKAL PRODUCT Harap !!! OPEN 06:00 WIB S/D 16.00 WIB [SILAHKAN PILIH UKURAN IKAN SESUAI VARIANT, JIKA INGIN UKURAN TERTENTU SILAHKAN CHAT SELLER TERLEBIH DAHULU UNTUK KETERSEDIAANNYA]",40000,available,https://storage.googleapis.com/tanam-apps/a0d9e5ab-1305-4869-b72e-67202f8cbf87.jpeg,2024-06-18 19:36:37.892533+00:00,2024-06-18 19:36:37.892533+00:00,,
3a033e8c-c20a-40b6-8c21-8c0bc3574f15,Ikan Patin Segar (bukan frozen) 500 gr/1 kg Free Dibersihkan,"PREMIUM LOKAL PRODUCT Harap !!! OPEN 06:00 WIB S/D 16.00 WIB [SILAHKAN PILIH UKURAN IKAN SESUAI VARIANT, JIKA INGIN UKURAN TERTENTU SILAHKAN CHAT SELLER TERLEBIH DAHULU UNTUK KETERSEDIAANNYA]",40000,available,https://storage.googleapis.com/tanam-apps/f654045c-a055-4f4b-bd36-6a9f165b8168.jpeg,2024-06-18 19:43:43.095809+00:00,2024-06-18 19:43:43.095809+00:00,,
1cc33293-0edf-4f1f-b88c-d854c786bb25,Ikan Patin Segar (bukan frozen) 500 gr/1 kg Free Dibersihkan,"PREMIUM LOKAL PRODUCT Harap !!! OPEN 06:00 WIB S/D 16.00 WIB [SILAHKAN PILIH UKURAN IKAN SESUAI VARIANT, JIKA INGIN UKURAN TERTENTU SILAHKAN CHAT SELLER TERLEBIH DAHULU UNTUK KETERSEDIAANNYA]",40000,available,https://storage.googleapis.com/tanam-apps/d2d7b820-e37b-4694-b832-f62c5537e7bf.jpeg,2024-06-18 19:56:54.767592+00:00,2024-06-18 19:56:54.767592+00:00,,
2a7d5fb1-d14a-4eca-a03a-b334dc5b1415,Ikan Patin Segar (bukan frozen) 500 gr/1 kg Free Dibersihkan,"PREMIUM LOKAL PRODUCT Harap !!! OPEN 06:00 WIB S/D 16.00 WIB [SILAHKAN PILIH UKURAN IKAN SESUAI VARIANT, JIKA INGIN UKURAN TERTENTU SILAHKAN CHAT SELLER TERLEBIH DAHULU UNTUK KETERSEDIAANNYA]",40000,available,https://storage.googleapis.com/tanam-apps/29ea84e6-bf82-469a-af9e-30a25a646dbb.jpeg,2024-06-18 20:04:56.574853+00:00,2024-06-18 20:04:56.574853+00:00,,
37ecf5a2-882d-40b4-a7f2-8dfd7899bedf,Ikan Patin Segar (bukan frozen) 500 gr/1 kg Free Dibersihkan,"PREMIUM LOKAL PRODUCT Harap !!! OPEN 06:00 WIB S/D 16.00 WIB [SILAHKAN PILIH UKURAN IKAN SESUAI VARIANT, JIKA INGIN UKURAN TERTENTU SILAHKAN CHAT SELLER TERLEBIH DAHULU UNTUK KETERSEDIAANNYA]",40000,available,https://storage.googleapis.com/tanam-apps/6b7e7355-b62b-4d84-a6d0-ab0f164d5c7f.jpeg,2024-06-18 20:11:45.176971+00:00,2024-06-18 20:11:45.176971+00:00,,
1b8d5f5b-eba6-4d6a-83ea-cfacf7713475,Ikan Patin Segar (bukan frozen) 500 gr/1 kg Free Dibersihkan,"PREMIUM LOKAL PRODUCT Harap !!! OPEN 06:00 WIB S/D 16.00 WIB [SILAHKAN PILIH UKURAN IKAN SESUAI VARIANT, JIKA INGIN UKURAN TERTENTU SILAHKAN CHAT SELLER TERLEBIH DAHULU UNTUK KETERSEDIAANNYA]",40000,available,https://storage.googleapis.com/tanam-apps/4dcd9c03-dde9-4a4e-826b-d39f792967fd.jpeg,2024-06-18 20:33:24.143472+00:00,2024-06-18 20:33:24.143472+00:00,,
a865747d-7af9-4fe7-8c15-53da9e28d096,Ikan Patin Segar (bukan frozen) 500 gr/1 kg Free Dibersihkan,"PREMIUM LOKAL PRODUCT Harap !!! OPEN 06:00 WIB S/D 16.00 WIB [SILAHKAN PILIH UKURAN IKAN SESUAI VARIANT, JIKA INGIN UKURAN TERTENTU SILAHKAN CHAT SELLER TERLEBIH DAHULU UNTUK KETERSEDIAANNYA]",40000,available,https://storage.googleapis.com/tanam-apps/029e0f3c-c18a-40c6-b6f7-8189713e0c48.jpeg,2024-06-18 20:39:12.822121+00:00,2024-06-18 20:39:12.822121+00:00,,
b9ebf685-fd73-47fb-8529-d35c63c20be4,Ikan Patin Segar (bukan frozen) 500 gr/1 kg Free Dibersihkan,"PREMIUM LOKAL PRODUCT Harap !!! OPEN 06:00 WIB S/D 16.00 WIB [SILAHKAN PILIH UKURAN IKAN SESUAI VARIANT, JIKA INGIN UKURAN TERTENTU SILAHKAN CHAT SELLER TERLEBIH DAHULU UNTUK KETERSEDIAANNYA]",40000,available,https://storage.googleapis.com/tanam-apps/9a171e44-d196-4724-b6cc-7c7256547e3d.jpeg,2024-06-18 20:46:33.756245+00:00,2024-06-18 20:46:33.756245+00:00,,
410fa921-6f28-40cd-86d0-6c308e0c1695,Ikan Patin Segar (bukan frozen) 500 gr/1 kg Free Dibersihkan,"PREMIUM LOKAL PRODUCT Harap !!! OPEN 06:00 WIB S/D 16.00 WIB [SILAHKAN PILIH UKURAN IKAN SESUAI VARIANT, JIKA INGIN UKURAN TERTENTU SILAHKAN CHAT SELLER TERLEBIH DAHULU UNTUK KETERSEDIAANNYA]",40000,available,https://storage.googleapis.com/tanam-apps/fc6b3f58-84c8-47d0-b7cd-3bc639c65eab.jpeg,2024-06-18 20:48:47.719566+00:00,2024-06-18 20:48:47.719566+00:00,,
5e7dff1e-6675-4b45-a648-d4bccceadd4b,Ikan Patin Segar (bukan frozen) 500 gr/1 kg Free Dibersihkan,"PREMIUM LOKAL PRODUCT Harap !!! OPEN 06:00 WIB S/D 16.00 WIB [SILAHKAN PILIH UKURAN IKAN SESUAI VARIANT, JIKA INGIN UKURAN TERTENTU SILAHKAN CHAT SELLER TERLEBIH DAHULU UNTUK KETERSEDIAANNYA]",40000,available,https://storage.googleapis.com/tanam-apps/53ffb7e1-15e4-45f8-8cd9-4c7c9391af23.jpeg,2024-06-23 12:33:25.795372+00:00,2024-06-23 14:38:15.200343+00:00,,1.0
196fdab8-8f8f-431a-84a8-22cd8133f1a9,test,test,12222,available,https://storage.googleapis.com/tanam-apps/5bb55f20-4f0e-4500-a53f-10808b91147a.png,2024-06-20 13:14:45.642938+00:00,2024-06-20 13:14:45.642938+00:00,,
6b430290-1148-48c9-b5c9-105e1aefefbc,test,test,12222,available,https://storage.googleapis.com/tanam-apps/8025ddb9-7353-4cf9-815f-e8c58d88928d.jpeg,2024-06-20 13:48:50.770046+00:00,2024-06-20 13:48:50.770046+00:00,,
0ad4941d-cc83-43c5-a7ed-74f047b94a5a,produk baru,produk baru,1998,available,https://storage.googleapis.com/tanam-apps/36fa49e7-dd2f-4fde-8d67-cb6c500704a8.jpeg,2024-06-20 15:28:25.446705+00:00,2024-06-20 15:28:25.446705+00:00,,
90a7693b-f210-4e0d-ba83-75ca29b043ad,aku henri testing,aku henri testing,19996,available,https://storage.googleapis.com/tanam-apps/21bc129d-33a0-4881-b9d8-f41220b5b0cd.jpeg,2024-06-20 15:31:00.135168+00:00,2024-06-20 15:31:00.135168+00:00,,
468f63d9-ec29-4bac-b9d9-8f207a77ae54,paseo tisu,paseo tisu,10000,available,https://storage.googleapis.com/tanam-apps/5b84beb6-7db3-4c6a-b7c0-1bba5b063edc.jpg,2024-06-21 06:53:18.247846+00:00,2024-06-21 06:56:33.883233+00:00,,
ea7be45e-1919-4c2d-abaa-7a7ee4cd0dff,fgafafaafa,fafafaf,20000,available,https://storage.googleapis.com/tanam-apps/42f09b34-3243-495d-b1db-6b086f9d50e5.jpg,2024-06-21 08:28:07.905279+00:00,2024-06-21 08:28:20.344280+00:00,,
1e3b8142-0dbf-4163-a920-3e41eae266cd,[object FormData],hanfi gacor,90000,available,https://storage.googleapis.com/tanam-apps/1a5207b0-11b7-47a5-8273-9688489a0bf1.jpeg,2024-06-20 13:51:13.534356+00:00,2024-06-20 13:51:13.534356+00:00,,
27f53e90-a9b3-4f00-b172-7f62883801f6,Ikan Patin Segar (bukan frozen) 500 gr/1 kg Free Dibersihkan,"PREMIUM LOKAL PRODUCT Harap !!! OPEN 06:00 WIB S/D 16.00 WIB [SILAHKAN PILIH UKURAN IKAN SESUAI VARIANT, JIKA INGIN UKURAN TERTENTU SILAHKAN CHAT SELLER TERLEBIH DAHULU UNTUK KETERSEDIAANNYA]",40000,available,https://storage.googleapis.com/tanam-apps/2404239f-7a06-4623-899b-223bbeb18ab3.jpeg,2024-06-21 10:26:54.219966+00:00,2024-06-21 10:26:54.219966+00:00,,
38cf81d1-e411-49aa-b026-c4abe412c08f,ikan,ikan ini sangat enak untuk di masak,50000,available,https://storage.googleapis.com/tanam-apps/97ea22e4-0a83-4220-a0b2-cca5b8bbd3d5.png,2024-06-21 14:31:55.459329+00:00,2024-06-21 14:31:55.459329+00:00,,
ba43c794-43da-4ccd-8bbc-30b4f1110ed4,Testing produk,Testing produk,11998,available,https://storage.googleapis.com/tanam-apps/71285f9f-bad2-41c9-9418-6140987e81ed.jpeg,2024-06-22 02:41:04.128140+00:00,2024-06-22 02:50:51.925288+00:00,,
8dfa94f2-292f-48dc-a2c0-8e7924af6a92,Ikan Patin Segar (bukan frozen) 500 gr/1 kg Free Dibersihkan,"PREMIUM LOKAL PRODUCT Harap !!! OPEN 06:00 WIB S/D 16.00 WIB [SILAHKAN PILIH UKURAN IKAN SESUAI VARIANT, JIKA INGIN UKURAN TERTENTU SILAHKAN CHAT SELLER TERLEBIH DAHULU UNTUK KETERSEDIAANNYA]",40000,available,https://storage.googleapis.com/tanam-apps/e4fb820d-231f-4d31-991c-5d26370610a1.jpeg,2024-06-17 18:56:51.718996+00:00,2024-06-17 18:56:51.718996+00:00,,
d2805f9c-cf62-476f-8fd1-24c088afa2c5,Testing status,testing status,19999,unavailable,https://storage.googleapis.com/tanam-apps/c31f89b2-dfc3-47f0-8068-9326c4fc3ca2.png,2024-06-22 08:42:19.080605+00:00,2024-06-22 08:43:22.755957+00:00,,0.0
63937083-3214-4c39-a330-f5fbd4b1afd3,Ikan Patin Segar (bukan frozen) 500 gr/1 kg Free Dibersihkan,"PREMIUM LOKAL PRODUCT Harap !!! OPEN 06:00 WIB S/D 16.00 WIB [SILAHKAN PILIH UKURAN IKAN SESUAI VARIANT, JIKA INGIN UKURAN TERTENTU SILAHKAN CHAT SELLER TERLEBIH DAHULU UNTUK KETERSEDIAANNYA]",40000,available,https://storage.googleapis.com/tanam-apps/cd54fbc8-19ac-45f8-9260-e3dd010a0f52.jpeg,2024-06-22 18:38:49.306551+00:00,2024-06-22 18:38:49.306551+00:00,,0.0
2b2ca6e4-2ebd-42a8-a809-0cb0629e0116,Ikan Patin Segar (bukan frozen) 500 gr/1 kg Free Dibersihkan,"PREMIUM LOKAL PRODUCT Harap !!! OPEN 06:00 WIB S/D 16.00 WIB [SILAHKAN PILIH UKURAN IKAN SESUAI VARIANT, JIKA INGIN UKURAN TERTENTU SILAHKAN CHAT SELLER TERLEBIH DAHULU UNTUK KETERSEDIAANNYA]",40000,available,https://storage.googleapis.com/tanam-apps/f9c810dc-0fac-4104-9bd8-a49064ef7f33.jpeg,2024-06-22 18:48:03.836053+00:00,2024-06-22 18:48:03.836053+00:00,,0.0
3a026a9b-f54b-4abe-81ce-279ea4182c79,Ikan Patin Segar (bukan frozen) 500 gr/1 kg Free Dibersihkan,"PREMIUM LOKAL PRODUCT Harap !!! OPEN 06:00 WIB S/D 16.00 WIB [SILAHKAN PILIH UKURAN IKAN SESUAI VARIANT, JIKA INGIN UKURAN TERTENTU SILAHKAN CHAT SELLER TERLEBIH DAHULU UNTUK KETERSEDIAANNYA]",40000,available,https://storage.googleapis.com/tanam-apps/d6667b93-5b73-4970-9819-289242051fa6.jpeg,2024-06-22 19:07:11.029460+00:00,2024-06-22 19:07:11.029460+00:00,,0.0
4faa7cf7-ba16-4add-ac0f-a52273a426f2,Ikan Patin Segar (bukan frozen) 500 gr/1 kg Free Dibersihkan,"PREMIUM LOKAL PRODUCT Harap !!! OPEN 06:00 WIB S/D 16.00 WIB [SILAHKAN PILIH UKURAN IKAN SESUAI VARIANT, JIKA INGIN UKURAN TERTENTU SILAHKAN CHAT SELLER TERLEBIH DAHULU UNTUK KETERSEDIAANNYA]",40000,available,https://storage.googleapis.com/tanam-apps/444b6819-a0c7-4ef4-8c15-5e669f83c9e5.jpeg,2024-06-22 20:01:48.311895+00:00,2024-06-22 20:01:48.311895+00:00,,0.0
7a0ee1c7-a0b8-40e3-bbfc-86bfdd12e093,Ikan Patin Segar (bukan frozen) 500 gr/1 kg Free Dibersihkan,"PREMIUM LOKAL PRODUCT Harap !!! OPEN 06:00 WIB S/D 16.00 WIB [SILAHKAN PILIH UKURAN IKAN SESUAI VARIANT, JIKA INGIN UKURAN TERTENTU SILAHKAN CHAT SELLER TERLEBIH DAHULU UNTUK KETERSEDIAANNYA]",40000,available,https://storage.googleapis.com/tanam-apps/9e9996f7-bb72-41e7-9498-a05704097a08.jpeg,2024-06-22 21:27:12.830539+00:00,2024-06-22 21:27:12.830539+00:00,,0.0
d5e450a3-8473-4b37-accd-aa6a8d080cc3,Ikan Patin Segar (bukan frozen) 500 gr/1 kg Free Dibersihkan,"PREMIUM LOKAL PRODUCT Harap !!! OPEN 06:00 WIB S/D 16.00 WIB [SILAHKAN PILIH UKURAN IKAN SESUAI VARIANT, JIKA INGIN UKURAN TERTENTU SILAHKAN CHAT SELLER TERLEBIH DAHULU UNTUK KETERSEDIAANNYA]",40000,available,https://storage.googleapis.com/tanam-apps/407f934f-ff95-4b21-aecb-8168b7073b49.jpeg,2024-06-22 21:41:16.695807+00:00,2024-06-22 21:41:16.695807+00:00,,0.0
b9c7f0f2-f020-49f3-a006-5e70dcc37891,Ikan Patin Segar (bukan frozen) 500 gr/1 kg Free Dibersihkan,"PREMIUM LOKAL PRODUCT Harap !!! OPEN 06:00 WIB S/D 16.00 WIB [SILAHKAN PILIH UKURAN IKAN SESUAI VARIANT, JIKA INGIN UKURAN TERTENTU SILAHKAN CHAT SELLER TERLEBIH DAHULU UNTUK KETERSEDIAANNYA]",40000,available,https://storage.googleapis.com/tanam-apps/da844a8e-082c-4663-a0fd-19951e495bf0.jpeg,2024-06-22 21:54:07.139319+00:00,2024-06-22 21:54:07.139319+00:00,,0.0
70c0b890-fafd-469a-aaca-97b1d962a06e,Ikan Patin Segar (bukan frozen) 500 gr/1 kg Free Dibersihkan,"PREMIUM LOKAL PRODUCT Harap !!! OPEN 06:00 WIB S/D 16.00 WIB [SILAHKAN PILIH UKURAN IKAN SESUAI VARIANT, JIKA INGIN UKURAN TERTENTU SILAHKAN CHAT SELLER TERLEBIH DAHULU UNTUK KETERSEDIAANNYA]",40000,available,https://storage.googleapis.com/tanam-apps/ed17b90f-74b4-4227-a41a-414835f6fdc8.jpeg,2024-06-22 22:10:57.892397+00:00,2024-06-22 22:10:57.892397+00:00,,0.0
5c4aa788-cc5c-4fd5-ba1e-f024f830742d,Ikan Patin Segar (bukan frozen) 500 gr/1 kg Free Dibersihkan,"PREMIUM LOKAL PRODUCT Harap !!! OPEN 06:00 WIB S/D 16.00 WIB [SILAHKAN PILIH UKURAN IKAN SESUAI VARIANT, JIKA INGIN UKURAN TERTENTU SILAHKAN CHAT SELLER TERLEBIH DAHULU UNTUK KETERSEDIAANNYA]",40000,available,https://storage.googleapis.com/tanam-apps/9dc2107d-d99d-4cdd-bfd2-e1b14a4e0d91.jpeg,2024-06-22 22:18:11.688493+00:00,2024-06-22 22:18:11.688493+00:00,,0.0
813a6ee1-6ab8-4b9b-a7bc-a84bda7df775,Ikan Patin Segar (bukan frozen) 500 gr/1 kg Free Dibersihkan,"PREMIUM LOKAL PRODUCT Harap !!! OPEN 06:00 WIB S/D 16.00 WIB [SILAHKAN PILIH UKURAN IKAN SESUAI VARIANT, JIKA INGIN UKURAN TERTENTU SILAHKAN CHAT SELLER TERLEBIH DAHULU UNTUK KETERSEDIAANNYA]",40000,available,https://storage.googleapis.com/tanam-apps/3cc351a2-48d9-49e6-b536-83e0fa0f83b5.jpeg,2024-06-22 23:15:06.584588+00:00,2024-06-22 23:15:06.584588+00:00,,0.0
9c9a821f-e768-4d63-9324-66846b497a0a,Ikan Patin Segar (bukan frozen) 500 gr/1 kg Free Dibersihkan,"PREMIUM LOKAL PRODUCT Harap !!! OPEN 06:00 WIB S/D 16.00 WIB [SILAHKAN PILIH UKURAN IKAN SESUAI VARIANT, JIKA INGIN UKURAN TERTENTU SILAHKAN CHAT SELLER TERLEBIH DAHULU UNTUK KETERSEDIAANNYA]",40000,available,https://storage.googleapis.com/tanam-apps/59dda624-3d3f-4a1f-9cb9-dac66583fa61.jpeg,2024-06-18 21:14:10.309891+00:00,2024-06-18 21:14:10.309891+00:00,,
60b31158-94db-4021-8fe0-8e348258a88b,Ikan Lele Segar (bukan frozen) 500 gr/1 kg Free Dibersihkan,"PREMIUM LOKAL PRODUCT Harap !!! OPEN 06:00 WIB S/D 16.00 WIB [SILAHKAN PILIH UKURAN IKAN SESUAI VARIANT, JIKA INGIN UKURAN TERTENTU SILAHKAN CHAT SELLER TERLEBIH DAHULU UNTUK KETERSEDIAANNYA]",25000,available,https://storage.googleapis.com/tanam-apps/d911ab6d-e371-4056-861e-ce94004e36ec.png,2024-06-10 08:47:55.033687+00:00,2024-06-10 08:47:55.033687+00:00,,
0c2e355b-cfea-4cb8-95c1-f01c67026b45,Ikan Patin Segar (bukan frozen) 500 gr/1 kg Free Dibersihkan,"PREMIUM LOKAL PRODUCT Harap !!! OPEN 06:00 WIB S/D 16.00 WIB [SILAHKAN PILIH UKURAN IKAN SESUAI VARIANT, JIKA INGIN UKURAN TERTENTU SILAHKAN CHAT SELLER TERLEBIH DAHULU UNTUK KETERSEDIAANNYA]",40000,available,https://storage.googleapis.com/tanam-apps/30ccb8c6-3308-462e-a10b-ddd30ced6848.jpeg,2024-06-17 18:37:30.970238+00:00,2024-06-17 18:37:30.970238+00:00,,
b7131e8d-f454-4e2f-abda-6fb9a5b0073e,Ikan Patin Segar (bukan frozen) 500 gr/1 kg Free Dibersihkan,"PREMIUM LOKAL PRODUCT Harap !!! OPEN 06:00 WIB S/D 16.00 WIB [SILAHKAN PILIH UKURAN IKAN SESUAI VARIANT, JIKA INGIN UKURAN TERTENTU SILAHKAN CHAT SELLER TERLEBIH DAHULU UNTUK KETERSEDIAANNYA]",40000,available,https://storage.googleapis.com/tanam-apps/bff40f3b-a3d1-4ad2-b955-152773f0ccdd.jpeg,2024-06-17 18:29:23.205773+00:00,2024-06-17 18:29:23.205773+00:00,,
30506123-016a-45ed-9426-f37d1b6f1b78,Ikan Patin Segar (bukan frozen) 500 gr/1 kg Free Dibersihkan,"PREMIUM LOKAL PRODUCT Harap !!! OPEN 06:00 WIB S/D 16.00 WIB [SILAHKAN PILIH UKURAN IKAN SESUAI VARIANT, JIKA INGIN UKURAN TERTENTU SILAHKAN CHAT SELLER TERLEBIH DAHULU UNTUK KETERSEDIAANNYA]",40000,available,https://storage.googleapis.com/tanam-apps/6649fec6-ed29-4844-95b4-ed50308f66de.jpeg,2024-06-17 18:41:06.468262+00:00,2024-06-17 18:41:06.468262+00:00,,
c105d5fc-4874-4ed0-b66c-c5f4e040cb2e,Udang Galah Besar Premium  ,"Udang Galah dengan Ukuran Besar, Daging Kenyal dan Manis, Langsung dari Perairan Tawar!  ",150000,available,https://storage.googleapis.com/tanam-apps/56a646af-7b3b-4473-8a18-eed8e22538bb.png,2024-06-15 08:04:52.589927+00:00,2024-06-15 08:04:52.589927+00:00,,
a13d39c9-7430-45e9-b334-0d4cfc9b571c,Cumi Segar Lembut dan Kenyal  ,PREMIUM LOKAL PRODUCT!! Langsung Dari Nelayan  ,95000,available,https://storage.googleapis.com/tanam-apps/a23ed338-afbf-4f5b-b5ec-11f1c39462a0.png,2024-06-15 08:02:31.210183+00:00,2024-06-15 08:02:31.210183+00:00,,
a54a7a7a-a4ff-40d0-981d-88dce758c4a0,Ikan Patin Segar (bukan frozen) 500 gr/1 kg Free Dibersihkan,"PREMIUM LOKAL PRODUCT Harap !!! OPEN 06:00 WIB S/D 16.00 WIB [SILAHKAN PILIH UKURAN IKAN SESUAI VARIANT, JIKA INGIN UKURAN TERTENTU SILAHKAN CHAT SELLER TERLEBIH DAHULU UNTUK KETERSEDIAANNYA]",40000,available,https://storage.googleapis.com/tanam-apps/910ef0d5-83aa-4c02-9413-d7fe5a964690.jpeg,2024-06-17 18:27:33.191780+00:00,2024-06-17 18:27:33.191780+00:00,,
229eaf89-6508-4d35-a4ed-7729c606056d,Kepiting Bakau Jumbo Segar  ,"Kepiting Bakau dengan Cangkang Keras dan Daging Melimpah, Langsung dari Hutan Bakau!  ",120000,available,https://storage.googleapis.com/tanam-apps/4c90fe00-e160-4a12-a3d4-cea923542954.png,2024-06-15 08:04:42.424259+00:00,2024-06-15 08:04:42.424259+00:00,,
d25fa584-fad3-4cef-88fc-271d786a46eb,Ikan Patin Segar (bukan frozen) 500 gr/1 kg Free Dibersihkan,"PREMIUM LOKAL PRODUCT Harap !!! OPEN 06:00 WIB S/D 16.00 WIB [SILAHKAN PILIH UKURAN IKAN SESUAI VARIANT, JIKA INGIN UKURAN TERTENTU SILAHKAN CHAT SELLER TERLEBIH DAHULU UNTUK KETERSEDIAANNYA]",40000,available,https://storage.googleapis.com/tanam-apps/33b1b416-eb9c-408c-81e1-c7320189fba5.jpeg,2024-06-16 09:30:33.909821+00:00,2024-06-16 09:30:33.909821+00:00,,
9046f571-fb48-47cc-b545-a1a8f6bde096,Pari Segar Kualitas Unggul  ,"Ikan Pari dengan Tekstur Khas dan Rasa Unik, Segar dan Siap Dimasak!  ",80000,available,https://storage.googleapis.com/tanam-apps/fbe41e9f-e273-4559-81fc-06cbcf759563.png,2024-06-15 08:05:14.888538+00:00,2024-06-15 08:05:14.888538+00:00,,
a9aad3c2-abd3-4a90-9981-4bcc3937615c,Ikan Patin Segar (bukan frozen) 500 gr/1 kg Free Dibersihkan,"PREMIUM LOKAL PRODUCT Harap !!! OPEN 06:00 WIB S/D 16.00 WIB [SILAHKAN PILIH UKURAN IKAN SESUAI VARIANT, JIKA INGIN UKURAN TERTENTU SILAHKAN CHAT SELLER TERLEBIH DAHULU UNTUK KETERSEDIAANNYA]",40000,available,https://storage.googleapis.com/tanam-apps/a7e9e310-2565-4be6-bd16-78e703d72ee9.jpeg,2024-06-17 17:53:05.374611+00:00,2024-06-17 17:53:05.374611+00:00,,
9f1715d2-c86b-461d-ae5d-cc44b8f3f8ce,Ikan Patin Segar (bukan frozen) 500 gr/1 kg Free Dibersihkan,"PREMIUM LOKAL PRODUCT Harap !!! OPEN 06:00 WIB S/D 16.00 WIB [SILAHKAN PILIH UKURAN IKAN SESUAI VARIANT, JIKA INGIN UKURAN TERTENTU SILAHKAN CHAT SELLER TERLEBIH DAHULU UNTUK KETERSEDIAANNYA]",40000,available,https://storage.googleapis.com/tanam-apps/6e0c7795-8e49-4c2a-94e7-89cc8b9a6721.jpeg,2024-06-16 09:16:45.773512+00:00,2024-06-16 09:16:45.773512+00:00,,
bf77fac3-2d61-47b8-96ea-01881687b454,Ikan Patin Segar (bukan frozen) 500 gr/1 kg Free Dibersihkan,"PREMIUM LOKAL PRODUCT Harap !!! OPEN 06:00 WIB S/D 16.00 WIB [SILAHKAN PILIH UKURAN IKAN SESUAI VARIANT, JIKA INGIN UKURAN TERTENTU SILAHKAN CHAT SELLER TERLEBIH DAHULU UNTUK KETERSEDIAANNYA]",40000,available,https://storage.googleapis.com/tanam-apps/8128b452-d5de-4b0c-9466-7bb3412ed3c8.jpeg,2024-06-16 10:36:09.907326+00:00,2024-06-16 10:36:09.907326+00:00,,
8c33cc7d-62d9-46e2-8a87-9332631e2112,Bandeng Presto Tanpa Duri  ,"Bandeng Presto dengan Bumbu Tradisional, Mudah Dimakan Tanpa Duri!  ",45000,available,https://storage.googleapis.com/tanam-apps/eaf86ceb-3107-4b00-85c4-54ae4f683c50.png,2024-06-15 08:03:41.171725+00:00,2024-06-15 08:03:41.171725+00:00,,
49b6eafd-4346-4de6-8e26-d5d9db5dfeea,Rajungan Segar Laut Utara  ,"Rajungan Segar, Daging Manis dan Gurih, Hasil Laut Utara Indonesia!  ",100000,available,https://storage.googleapis.com/tanam-apps/0029902c-08b3-40bb-ad13-e9836e3e2953.png,2024-06-15 08:05:07.593565+00:00,2024-06-15 08:05:07.593565+00:00,,
f1e3cdf4-2c96-45b6-b0d4-2162e55891f0,Ikan Gurame,"Gurame segar yang dipelihara dengan baik, tersedia dalam berbagai ukuran dan siap untuk dikirim langsung ke rumah Anda. Ikan ini memiliki daging putih lembut dan kaya akan nutrisi, cocok untuk diolah menjadi berbagai hidangan lezat seperti bakar, goreng, atau soup.",40000,available,https://storage.googleapis.com/tanam-apps/4b148964-b2ac-45de-bca9-93c3c41d7531.jpg,2024-06-23 10:46:00.819975+00:00,2024-06-23 10:46:00.819975+00:00,2024-06-23 11:34:47.905658+00:00,0.0
d4f0ecc2-3621-484c-bf76-885f866be5be,Ikan Patin Segar (bukan frozen) 500 gr/1 kg Free Dibersihkan,"PREMIUM LOKAL PRODUCT Harap !!! OPEN 06:00 WIB S/D 16.00 WIB [SILAHKAN PILIH UKURAN IKAN SESUAI VARIANT, JIKA INGIN UKURAN TERTENTU SILAHKAN CHAT SELLER TERLEBIH DAHULU UNTUK KETERSEDIAANNYA]",40000,available,https://storage.googleapis.com/tanam-apps/1346c1cc-188f-4a8e-90b6-c64de8fe1611.jpeg,2024-06-17 18:53:56.271599+00:00,2024-06-17 18:53:56.271599+00:00,,
d31d04fd-3e88-470d-bf81-ce80eb585546,Sidat Laut Premium Kualitas Ekspor  ,"Sidat Kaya Akan Omega-3, Kualitas Premium Siap Ekspor!  ",150000,available,https://storage.googleapis.com/tanam-apps/11075298-fd82-44de-bb13-b95ef5af7fd2.png,2024-06-15 08:03:57.706664+00:00,2024-06-15 08:03:57.706664+00:00,,
218b83c9-86da-4fe9-a7ce-b0909b2ccd15,Belut Khas Kolam Sawah Organik  ,"Belut Segar dari Kolam Sawah Organik, Rasanya Gurih dan Lezat!  ",60000,available,https://storage.googleapis.com/tanam-apps/345ebab2-f2e5-403b-ab86-02c25112366f.png,2024-06-15 08:04:37.474114+00:00,2024-06-15 08:04:37.474114+00:00,,
8133856b-e881-42d5-b210-35687a6b1fe4,Ikan Patin Segar (bukan frozen) 500 gr/1 kg Free Dibersihkan,"PREMIUM LOKAL PRODUCT Harap !!! OPEN 06:00 WIB S/D 16.00 WIB [SILAHKAN PILIH UKURAN IKAN SESUAI VARIANT, JIKA INGIN UKURAN TERTENTU SILAHKAN CHAT SELLER TERLEBIH DAHULU UNTUK KETERSEDIAANNYA]",40000,available,https://storage.googleapis.com/tanam-apps/a98fd5a6-945c-4049-96c9-f7e1bb8139f5.jpeg,2024-06-18 08:48:28.565384+00:00,2024-06-18 08:48:28.565384+00:00,,
c4bfdb00-8e27-44be-925a-94e814d9b321,Woi,woi adalah jenis ikan,12000,unavailable,https://storage.googleapis.com/tanam-apps/3b7b71b1-7ae4-4f1c-a0d2-c3857bc8ce86.png,2024-06-23 04:16:17.929190+00:00,2024-06-23 04:16:17.929190+00:00,2024-06-23 11:34:56.466467+00:00,0.0
70c65c73-4b68-4f99-8737-0f85f6ac49e0,Test Revalidation,testing revalidation mengenai otomasi fetching,12000,unavailable,https://storage.googleapis.com/tanam-apps/b5206645-ff59-4f64-b3a8-9e40e9009cb4.png,2024-06-23 04:11:28.662776+00:00,2024-06-23 04:11:28.662776+00:00,2024-06-23 11:35:00.743485+00:00,0.0
38cfc40d-fade-4e05-b3c6-f9813ac394a1,Ikan Patin Segar (bukan frozen) 500 gr/1 kg Free Dibersihkan,"PREMIUM LOKAL PRODUCT Harap !!! OPEN 06:00 WIB S/D 16.00 WIB [SILAHKAN PILIH UKURAN IKAN SESUAI VARIANT, JIKA INGIN UKURAN TERTENTU SILAHKAN CHAT SELLER TERLEBIH DAHULU UNTUK KETERSEDIAANNYA]",40000,available,https://storage.googleapis.com/tanam-apps/684533dd-82a6-4a36-bf47-ae4caede0340.jpeg,2024-06-16 07:11:14.791185+00:00,2024-06-16 07:11:14.791185+00:00,2024-06-23 13:20:55.552137+00:00,
e63c1804-b61f-41cf-b3ce-33d75757c883,ikan travis scott,ikan travis scott,50000,available,https://storage.googleapis.com/tanam-apps/56f304cf-3e22-4a18-a0cd-9b850b18ad9c.jpg,2024-06-23 09:12:06.745758+00:00,2024-06-23 09:12:06.745758+00:00,2024-06-23 13:27:57.397524+00:00,0.0
9c1355c3-a415-4569-8a77-d220e44b9fee,Ikan Patin Segar (bukan frozen) 500 gr/1 kg Free Dibersihkan,"PREMIUM LOKAL PRODUCT Harap !!! OPEN 06:00 WIB S/D 16.00 WIB [SILAHKAN PILIH UKURAN IKAN SESUAI VARIANT, JIKA INGIN UKURAN TERTENTU SILAHKAN CHAT SELLER TERLEBIH DAHULU UNTUK KETERSEDIAANNYA]",40000,available,https://storage.googleapis.com/tanam-apps/559cad0d-2ae0-4f81-a557-23e00564afa7.jpeg,2024-06-23 14:43:31.208501+00:00,2024-06-23 14:43:31.208501+00:00,,0.0
f479748c-c31a-4817-b7c6-ae99b40ea5b6,Ikan Patin Segar (bukan frozen) 500 gr/1 kg Free Dibersihkan,"PREMIUM LOKAL PRODUCT Harap !!! OPEN 06:00 WIB S/D 16.00 WIB [SILAHKAN PILIH UKURAN IKAN SESUAI VARIANT, JIKA INGIN UKURAN TERTENTU SILAHKAN CHAT SELLER TERLEBIH DAHULU UNTUK KETERSEDIAANNYA]",40000,available,https://storage.googleapis.com/tanam-apps/ab14f1e4-2adf-44d0-93dd-ec770d2270bf.png,2024-06-16 07:06:47.076462+00:00,2024-06-16 07:06:47.076462+00:00,2024-06-23 11:07:36.381003+00:00,
817afd92-13d3-4ede-bc2c-0fbf97edbad6,Ikan Patin Segar (bukan frozen) 500 gr/1 kg Free Dibersihkan,"PREMIUM LOKAL PRODUCT Harap !!! OPEN 06:00 WIB S/D 16.00 WIB [SILAHKAN PILIH UKURAN IKAN SESUAI VARIANT, JIKA INGIN UKURAN TERTENTU SILAHKAN CHAT SELLER TERLEBIH DAHULU UNTUK KETERSEDIAANNYA]",40000,available,https://storage.googleapis.com/tanam-apps/648f9a44-b958-41d6-9270-efc0582e4cbc.jpeg,2024-06-23 11:07:35.830488+00:00,2024-06-23 11:07:35.830488+00:00,2024-06-23 11:31:34.975085+00:00,0.0
6c99773e-273b-46d0-b089-4fa4cb823e2a,Ikan Patin Segar (bukan frozen) 500 gr/1 kg Free Dibersihkan,"PREMIUM LOKAL PRODUCT Harap !!! OPEN 06:00 WIB S/D 16.00 WIB [SILAHKAN PILIH UKURAN IKAN SESUAI VARIANT, JIKA INGIN UKURAN TERTENTU SILAHKAN CHAT SELLER TERLEBIH DAHULU UNTUK KETERSEDIAANNYA]",40000,available,https://storage.googleapis.com/tanam-apps/7b347770-d175-4b65-b015-7907ab2a8730.jpeg,2024-06-16 07:58:45.265179+00:00,2024-06-23 11:12:10.476433+00:00,2024-06-23 13:20:47.445076+00:00,1.0
68510578-75bd-4a8e-a8e6-7aff90963c0e,Ikan Patin Segar (bukan frozen) 500 gr/1 kg Free Dibersihkan,"PREMIUM LOKAL PRODUCT Harap !!! OPEN 06:00 WIB S/D 16.00 WIB [SILAHKAN PILIH UKURAN IKAN SESUAI VARIANT, JIKA INGIN UKURAN TERTENTU SILAHKAN CHAT SELLER TERLEBIH DAHULU UNTUK KETERSEDIAANNYA]",40000,available,https://storage.googleapis.com/tanam-apps/7dac9d46-6296-496a-a3fd-eb50a39dfff0.jpeg,2024-06-23 14:53:18.579811+00:00,2024-06-23 14:53:18.579811+00:00,,0.0
abe097fc-bc2b-462b-9d33-25642c12b62b,Ikan Patin Segar (bukan frozen) 500 gr/1 kg Free Dibersihkan,"PREMIUM LOKAL PRODUCT Harap !!! OPEN 06:00 WIB S/D 16.00 WIB [SILAHKAN PILIH UKURAN IKAN SESUAI VARIANT, JIKA INGIN UKURAN TERTENTU SILAHKAN CHAT SELLER TERLEBIH DAHULU UNTUK KETERSEDIAANNYA]",40000,available,https://storage.googleapis.com/tanam-apps/616262ec-5a21-420f-ad5d-57336e36cb08.jpeg,2024-06-23 16:13:37.326525+00:00,2024-06-23 16:13:37.326525+00:00,,0.0
75e94308-8424-4637-9d3e-1f81d8d33c56,web testing,web testing,33,available,https://storage.googleapis.com/tanam-apps/2f5f6bdb-9bb7-4d38-b5dd-5c8df1d5e359.jpeg,2024-06-23 17:13:02.097541+00:00,2024-06-23 17:13:25.381299+00:00,2024-06-23 17:13:35.837034+00:00,0.0
5e28979e-0a3e-431d-a3c4-0194620fb26c,Ikan Patin Segar (bukan frozen) 500 gr/1 kg Free Dibersihkan,"PREMIUM LOKAL PRODUCT Harap !!! OPEN 06:00 WIB S/D 16.00 WIB [SILAHKAN PILIH UKURAN IKAN SESUAI VARIANT, JIKA INGIN UKURAN TERTENTU SILAHKAN CHAT SELLER TERLEBIH DAHULU UNTUK KETERSEDIAANNYA]",40000,available,https://storage.googleapis.com/tanam-apps/5174da5e-4741-4208-a3a0-19a2a1877060.jpeg,2024-06-23 18:32:56.141622+00:00,2024-06-23 18:32:56.141622+00:00,,0.0
9d5e253d-27d9-4900-8449-fca9ba8fabff,Ikan Patin Segar (bukan frozen) 500 gr/1 kg Free Dibersihkan,"PREMIUM LOKAL PRODUCT Harap !!! OPEN 06:00 WIB S/D 16.00 WIB [SILAHKAN PILIH UKURAN IKAN SESUAI VARIANT, JIKA INGIN UKURAN TERTENTU SILAHKAN CHAT SELLER TERLEBIH DAHULU UNTUK KETERSEDIAANNYA]",40000,available,https://storage.googleapis.com/tanam-apps/3829ea4a-0366-4088-ae1d-c5d0799b9707.jpeg,2024-06-23 18:39:04.406342+00:00,2024-06-23 18:39:04.406342+00:00,,0.0
2d9618e5-7c7e-4800-870f-f74f7a5fc6d7,Ikan Patin Segar (bukan frozen) 500 gr/1 kg Free Dibersihkan,"PREMIUM LOKAL PRODUCT Harap !!! OPEN 06:00 WIB S/D 16.00 WIB [SILAHKAN PILIH UKURAN IKAN SESUAI VARIANT, JIKA INGIN UKURAN TERTENTU SILAHKAN CHAT SELLER TERLEBIH DAHULU UNTUK KETERSEDIAANNYA]",40000,available,https://storage.googleapis.com/tanam-apps/66759cc9-1b96-4f6b-afce-a5998517eea9.jpeg,2024-06-23 18:40:10.008384+00:00,2024-06-23 18:40:10.008384+00:00,,0.0
ebc398db-a44b-4c12-be9e-a7b98b8c7c9f,x,de,22,available,https://storage.googleapis.com/tanam-apps/c6392186-c1fa-4a23-af2f-fed92a6563a1.jpg,2024-06-23 18:49:11.827313+00:00,2024-06-23 18:49:11.827313+00:00,,0.0
